mr_id,advisor_sid,month_id,product_id,group_id,class_id,credited_amt,non_credited_amt,txn_count,distinct_accounts
V000001|202604|ADVA|,V000001,202604,ADVA|,trails_life_annuities,RECURRING,2873.66,0.0,2,2
V000001|202604|ATMF|,V000001,202604,ATMF|,trails_mutual_funds,RECURRING,454.77,862.89,2,2
V000001|202604|DCCR|,V000001,202604,DCCR|,defined_contribution_advisory,NON_RECURRING,3155.85,0.0,2,2
V000001|202604|EDK|,V000001,202604,EDK|,referrals_everyday_401k,NON_RECURRING,1572.62,1019.72,2,2
V000001|202604|FCCD|,V000001,202604,FCCD|,twhs_cash_mgmt_cds,NON_RECURRING,3318.19,0.0,2,2
V000001|202604|FIX|,V000001,202604,FIX|,life_annuities,NON_RECURRING,3235.91,0.0,2,2
V000001|202604|FMXX|,V000001,202604,FMXX|,twhs_fi_municipal,NON_RECURRING,3106.98,0.0,2,2
V000001|202604|LIFE|,V000001,202604,LIFE|,life_annuities,NON_RECURRING,2939.65,0.0,2,2
V000001|202604|MMKT|,V000001,202604,MMKT|,cash_mgmt_mmkt,RECURRING,3990.6,0.0,2,2
V000001|202604|MUFD|,V000001,202604,MUFD|,twhs_mutual_funds,NON_RECURRING,3521.5,0.0,2,2
V000001|202604|OISC|,V000001,202604,OISC|,managed_accounts,RECURRING,3562.66,0.0,2,2
V000001|202604|PCS|,V000001,202604,PCS|,referrals_sit_partnership,RECURRING,991.15,1578.46,2,1
V000001|202604|STRT|,V000001,202604,STRT|,twhs_structured,NON_RECURRING,1756.01,0.0,2,2
V000001|202604|UMA|,V000001,202604,UMA|,managed_uma,RECURRING,2371.1,0.0,2,2
V000001|202605|ADVA|,V000001,202605,ADVA|,trails_life_annuities,RECURRING,1468.96,0.0,2,2
V000001|202605|ATMF|,V000001,202605,ATMF|,trails_mutual_funds,RECURRING,1139.65,0.0,2,2
V000001|202605|DCCR|,V000001,202605,DCCR|,defined_contribution_advisory,NON_RECURRING,2579.44,0.0,2,2
V000001|202605|EDK|,V000001,202605,EDK|,referrals_everyday_401k,NON_RECURRING,2977.54,0.0,2,2
V000001|202605|FCCD|,V000001,202605,FCCD|,twhs_cash_mgmt_cds,NON_RECURRING,1235.12,0.0,2,2
V000001|202605|FIX|,V000001,202605,FIX|,life_annuities,NON_RECURRING,3585.07,0.0,2,2
V000001|202605|FMXX|,V000001,202605,FMXX|,twhs_fi_municipal,NON_RECURRING,4620.65,0.0,2,2
V000001|202605|LIFE|,V000001,202605,LIFE|,life_annuities,NON_RECURRING,1921.46,0.0,2,2
V000001|202605|MMKT|,V000001,202605,MMKT|,cash_mgmt_mmkt,RECURRING,2483.3,1623.69,2,2
V000001|202605|MUFD|,V000001,202605,MUFD|,twhs_mutual_funds,NON_RECURRING,2299.85,0.0,2,2
V000001|202605|OISC|,V000001,202605,OISC|,managed_accounts,RECURRING,2398.83,0.0,2,2
V000001|202605|PCS|,V000001,202605,PCS|,referrals_sit_partnership,RECURRING,4001.95,0.0,2,2
V000001|202605|STRT|,V000001,202605,STRT|,twhs_structured,NON_RECURRING,60840.49,0.0,4,3
V000001|202605|UMA|,V000001,202605,UMA|,managed_uma,RECURRING,4666.13,0.0,2,2
V000001|202606|ADVA|,V000001,202606,ADVA|,trails_life_annuities,RECURRING,2468.81,0.0,1,1
V000001|202606|ATMF|,V000001,202606,ATMF|,trails_mutual_funds,RECURRING,2001.21,0.0,1,1
V000001|202606|DCCR|,V000001,202606,DCCR|,defined_contribution_advisory,NON_RECURRING,1718.34,0.0,1,1
V000001|202606|EDK|,V000001,202606,EDK|,referrals_everyday_401k,NON_RECURRING,2482.29,0.0,1,1
V000001|202606|FCCD|,V000001,202606,FCCD|,twhs_cash_mgmt_cds,NON_RECURRING,918.51,0.0,1,1
V000001|202606|FIX|,V000001,202606,FIX|,life_annuities,NON_RECURRING,1299.76,0.0,1,1
V000001|202606|FMXX|,V000001,202606,FMXX|,twhs_fi_municipal,NON_RECURRING,1615.51,0.0,1,1
V000001|202606|LIFE|,V000001,202606,LIFE|,life_annuities,NON_RECURRING,878.91,0.0,1,1
V000001|202606|MMKT|,V000001,202606,MMKT|,cash_mgmt_mmkt,RECURRING,500.78,0.0,1,1
V000001|202606|MUFD|,V000001,202606,MUFD|,twhs_mutual_funds,NON_RECURRING,1251.76,0.0,1,1
V000001|202606|OISC|,V000001,202606,OISC|,managed_accounts,RECURRING,1819.55,0.0,1,1
V000001|202606|PCS|,V000001,202606,PCS|,referrals_sit_partnership,RECURRING,0.0,1238.5,1,1
V000001|202606|STRT|,V000001,202606,STRT|,twhs_structured,NON_RECURRING,1675.5,0.0,1,1
V000001|202606|UMA|,V000001,202606,UMA|,managed_uma,RECURRING,1940.15,0.0,1,1
V000002|202604|ADVA|,V000002,202604,ADVA|,trails_life_annuities,RECURRING,953.43,0.0,2,2
V000002|202604|ALTI|,V000002,202604,ALTI|,alternative_investments,NON_RECURRING,1989.81,0.0,2,2
V000002|202604|ATMF|,V000002,202604,ATMF|,trails_mutual_funds,RECURRING,4393.53,0.0,2,2
V000002|202604|DAF|,V000002,202604,DAF|,donor_advised_funds,RECURRING,1455.08,0.0,2,2
V000002|202604|DCCR|,V000002,202604,DCCR|,defined_contribution_advisory,NON_RECURRING,817.14,490.14,2,2
V000002|202604|ELIS|EQ,V000002,202604,ELIS|EQ,twhs_equities,NON_RECURRING,2091.7,0.0,2,2
V000002|202604|ELIS|OP,V000002,202604,ELIS|OP,twhs_options,NON_RECURRING,2491.57,0.0,2,2
V000002|202604|FCCD|,V000002,202604,FCCD|,twhs_cash_mgmt_cds,NON_RECURRING,3821.71,0.0,2,2
V000002|202604|FCOT|,V000002,202604,FCOT|,twhs_fi_other,NON_RECURRING,3571.38,0.0,2,2
V000002|202604|FCXX|,V000002,202604,FCXX|,twhs_fi_corporate,NON_RECURRING,2043.11,0.0,2,2
V000002|202604|FIX|,V000002,202604,FIX|,life_annuities,NON_RECURRING,1063.91,0.0,2,2
V000002|202604|FMXX|,V000002,202604,FMXX|,twhs_fi_municipal,NON_RECURRING,1627.9,1287.97,2,2
V000002|202604|ITMF|,V000002,202604,ITMF|,trails_life_annuities,RECURRING,4542.7,0.0,2,2
V000002|202604|LEND|SBL,V000002,202604,LEND|SBL,lending_sbl,NON_RECURRING,3757.92,0.0,2,2
V000002|202604|LIFE|,V000002,202604,LIFE|,life_annuities,NON_RECURRING,2408.43,0.0,2,2
V000002|202604|MAP|,V000002,202604,MAP|,managed_accounts,RECURRING,3840.06,0.0,2,2
V000002|202604|OIS1|,V000002,202604,OIS1|,managed_accounts,RECURRING,3234.43,0.0,2,2
V000002|202604|OISC|,V000002,202604,OISC|,managed_accounts,RECURRING,2303.51,0.0,2,2
V000002|202604|PRDP|,V000002,202604,PRDP|,cash_mgmt_prdp,RECURRING,3331.75,0.0,2,2
V000002|202604|STRT|,V000002,202604,STRT|,twhs_structured,NON_RECURRING,2274.09,0.0,2,2
V000002|202604|UMA|,V000002,202604,UMA|,managed_uma,RECURRING,4316.69,0.0,2,2
V000002|202604|VARI|,V000002,202604,VARI|,life_annuities,NON_RECURRING,2681.29,0.0,2,2
V000002|202605|ADVA|,V000002,202605,ADVA|,trails_life_annuities,RECURRING,2095.4,1089.61,2,2
V000002|202605|ALTI|,V000002,202605,ALTI|,alternative_investments,NON_RECURRING,2359.67,2426.11,2,2
V000002|202605|ATMF|,V000002,202605,ATMF|,trails_mutual_funds,RECURRING,3402.49,0.0,2,2
V000002|202605|DAF|,V000002,202605,DAF|,donor_advised_funds,RECURRING,1168.92,0.0,2,2
V000002|202605|DCCR|,V000002,202605,DCCR|,defined_contribution_advisory,NON_RECURRING,2597.43,0.0,2,2
V000002|202605|ELIS|EQ,V000002,202605,ELIS|EQ,twhs_equities,NON_RECURRING,2898.76,0.0,2,2
V000002|202605|ELIS|OP,V000002,202605,ELIS|OP,twhs_options,NON_RECURRING,1253.99,1985.65,2,2
V000002|202605|FCCD|,V000002,202605,FCCD|,twhs_cash_mgmt_cds,NON_RECURRING,4046.57,0.0,2,2
V000002|202605|FCOT|,V000002,202605,FCOT|,twhs_fi_other,NON_RECURRING,1619.85,0.0,2,2
V000002|202605|FCXX|,V000002,202605,FCXX|,twhs_fi_corporate,NON_RECURRING,3104.58,0.0,2,2
V000002|202605|FIX|,V000002,202605,FIX|,life_annuities,NON_RECURRING,2687.04,0.0,2,2
V000002|202605|FMXX|,V000002,202605,FMXX|,twhs_fi_municipal,NON_RECURRING,1664.59,0.0,2,2
V000002|202605|ITMF|,V000002,202605,ITMF|,trails_life_annuities,RECURRING,2035.41,0.0,2,2
V000002|202605|LEND|SBL,V000002,202605,LEND|SBL,lending_sbl,NON_RECURRING,3497.65,0.0,2,1
V000002|202605|LIFE|,V000002,202605,LIFE|,life_annuities,NON_RECURRING,2755.23,0.0,2,2
V000002|202605|MAP|,V000002,202605,MAP|,managed_accounts,RECURRING,2922.87,0.0,2,2
V000002|202605|OIS1|,V000002,202605,OIS1|,managed_accounts,RECURRING,4321.3,0.0,2,2
V000002|202605|OISC|,V000002,202605,OISC|,managed_accounts,RECURRING,9214.03,2392.98,8,8
V000002|202605|PRDP|,V000002,202605,PRDP|,cash_mgmt_prdp,RECURRING,3154.36,0.0,2,2
V000002|202605|STRT|,V000002,202605,STRT|,twhs_structured,NON_RECURRING,3315.13,0.0,2,2
V000002|202605|UMA|,V000002,202605,UMA|,managed_uma,RECURRING,5297.46,0.0,2,2
V000002|202605|VARI|,V000002,202605,VARI|,life_annuities,NON_RECURRING,4084.2,0.0,2,2
V000002|202606|ADVA|,V000002,202606,ADVA|,trails_life_annuities,RECURRING,329.13,0.0,1,1
V000002|202606|ALTI|,V000002,202606,ALTI|,alternative_investments,NON_RECURRING,2317.08,0.0,1,1
V000002|202606|ATMF|,V000002,202606,ATMF|,trails_mutual_funds,RECURRING,498.29,0.0,1,1
V000002|202606|DAF|,V000002,202606,DAF|,donor_advised_funds,RECURRING,1155.3,0.0,1,1
V000002|202606|DCCR|,V000002,202606,DCCR|,defined_contribution_advisory,NON_RECURRING,0.0,1572.11,1,1
V000002|202606|ELIS|EQ,V000002,202606,ELIS|EQ,twhs_equities,NON_RECURRING,1938.34,0.0,1,1
V000002|202606|ELIS|OP,V000002,202606,ELIS|OP,twhs_options,NON_RECURRING,0.0,1474.8,1,1
V000002|202606|FCCD|,V000002,202606,FCCD|,twhs_cash_mgmt_cds,NON_RECURRING,2147.17,0.0,1,1
V000002|202606|FCOT|,V000002,202606,FCOT|,twhs_fi_other,NON_RECURRING,1137.15,0.0,1,1
V000002|202606|FCXX|,V000002,202606,FCXX|,twhs_fi_corporate,NON_RECURRING,2078.66,0.0,1,1
V000002|202606|FIX|,V000002,202606,FIX|,life_annuities,NON_RECURRING,1040.14,0.0,1,1
V000002|202606|FMXX|,V000002,202606,FMXX|,twhs_fi_municipal,NON_RECURRING,0.0,2003.79,1,1
V000002|202606|ITMF|,V000002,202606,ITMF|,trails_life_annuities,RECURRING,426.57,0.0,1,1
V000002|202606|LEND|SBL,V000002,202606,LEND|SBL,lending_sbl,NON_RECURRING,2001.02,0.0,1,1
V000002|202606|LIFE|,V000002,202606,LIFE|,life_annuities,NON_RECURRING,712.49,0.0,1,1
V000002|202606|MAP|,V000002,202606,MAP|,managed_accounts,RECURRING,1758.88,0.0,1,1
V000002|202606|OIS1|,V000002,202606,OIS1|,managed_accounts,RECURRING,2540.92,0.0,1,1
V000002|202606|OISC|,V000002,202606,OISC|,managed_accounts,RECURRING,4893.01,0.0,7,7
V000002|202606|PRDP|,V000002,202606,PRDP|,cash_mgmt_prdp,RECURRING,2491.94,0.0,1,1
V000002|202606|STRT|,V000002,202606,STRT|,twhs_structured,NON_RECURRING,1070.53,0.0,1,1
V000002|202606|UMA|,V000002,202606,UMA|,managed_uma,RECURRING,1906.95,0.0,1,1
V000002|202606|VARI|,V000002,202606,VARI|,life_annuities,NON_RECURRING,2199.79,0.0,1,1
V000003|202604|529T|,V000003,202604,529T|,plans_529,RECURRING,2841.83,0.0,2,2
V000003|202604|ALTI|,V000003,202604,ALTI|,alternative_investments,NON_RECURRING,4225.45,0.0,2,1
V000003|202604|DAF|,V000003,202604,DAF|,donor_advised_funds,RECURRING,2678.17,0.0,2,2
V000003|202604|DCCR|,V000003,202604,DCCR|,defined_contribution_advisory,NON_RECURRING,1560.68,0.0,2,2
V000003|202604|EDK|,V000003,202604,EDK|,referrals_everyday_401k,NON_RECURRING,2329.12,0.0,2,2
V000003|202604|ELIS|EQ,V000003,202604,ELIS|EQ,twhs_equities,NON_RECURRING,3842.52,0.0,2,2
V000003|202604|FCXX|,V000003,202604,FCXX|,twhs_fi_corporate,NON_RECURRING,1336.64,0.0,2,2
V000003|202604|FMXX|,V000003,202604,FMXX|,twhs_fi_municipal,NON_RECURRING,3167.65,0.0,2,2
V000003|202604|ITMF|,V000003,202604,ITMF|,trails_life_annuities,RECURRING,2506.27,0.0,2,2
V000003|202604|JPMC|,V000003,202604,JPMC|,managed_accounts,RECURRING,3808.21,0.0,2,2
V000003|202604|LEND|SBL,V000003,202604,LEND|SBL,lending_sbl,NON_RECURRING,2387.76,0.0,2,2
V000003|202604|LIFE|,V000003,202604,LIFE|,life_annuities,NON_RECURRING,2160.52,0.0,2,2
V000003|202604|MAP|,V000003,202604,MAP|,managed_accounts,RECURRING,3455.37,0.0,2,2
V000003|202604|MMKT|,V000003,202604,MMKT|,cash_mgmt_mmkt,RECURRING,1891.98,0.0,2,2
V000003|202604|OIS1|,V000003,202604,OIS1|,managed_accounts,RECURRING,2909.58,0.0,2,2
V000003|202604|PRDP|,V000003,202604,PRDP|,cash_mgmt_prdp,RECURRING,2600.68,0.0,2,2
V000003|202604|STRT|,V000003,202604,STRT|,twhs_structured,NON_RECURRING,1804.54,0.0,2,2
V000003|202604|UMA|,V000003,202604,UMA|,managed_uma,RECURRING,3374.43,0.0,2,2
V000003|202604|VARI|,V000003,202604,VARI|,life_annuities,NON_RECURRING,2662.72,0.0,2,2
V000003|202605|529T|,V000003,202605,529T|,plans_529,RECURRING,2509.78,0.0,2,2
V000003|202605|ALTI|,V000003,202605,ALTI|,alternative_investments,NON_RECURRING,3878.59,0.0,2,2
V000003|202605|DAF|,V000003,202605,DAF|,donor_advised_funds,RECURRING,2275.15,0.0,2,2
V000003|202605|DCCR|,V000003,202605,DCCR|,defined_contribution_advisory,NON_RECURRING,1167.32,0.0,2,2
V000003|202605|EDK|,V000003,202605,EDK|,referrals_everyday_401k,NON_RECURRING,2401.74,0.0,2,1
V000003|202605|ELIS|EQ,V000003,202605,ELIS|EQ,twhs_equities,NON_RECURRING,1418.08,0.0,2,2
V000003|202605|FCXX|,V000003,202605,FCXX|,twhs_fi_corporate,NON_RECURRING,3349.48,0.0,2,2
V000003|202605|FMXX|,V000003,202605,FMXX|,twhs_fi_municipal,NON_RECURRING,2556.03,0.0,2,2
V000003|202605|ITMF|,V000003,202605,ITMF|,trails_life_annuities,RECURRING,4189.43,0.0,2,2
V000003|202605|JPMC|,V000003,202605,JPMC|,managed_accounts,RECURRING,357.94,728.41,2,2
V000003|202605|LEND|SBL,V000003,202605,LEND|SBL,lending_sbl,NON_RECURRING,3888.06,0.0,2,2
V000003|202605|LIFE|,V000003,202605,LIFE|,life_annuities,NON_RECURRING,319.58,785.83,2,2
V000003|202605|MAP|,V000003,202605,MAP|,managed_accounts,RECURRING,2592.9,0.0,2,2
V000003|202605|MMKT|,V000003,202605,MMKT|,cash_mgmt_mmkt,RECURRING,2508.45,0.0,2,2
V000003|202605|OIS1|,V000003,202605,OIS1|,managed_accounts,RECURRING,3636.05,0.0,2,2
V000003|202605|OISC|,V000003,202605,OISC|,managed_accounts,RECURRING,7180.34,0.0,5,5
V000003|202605|PRDP|,V000003,202605,PRDP|,cash_mgmt_prdp,RECURRING,945.92,0.0,2,1
V000003|202605|STRT|,V000003,202605,STRT|,twhs_structured,NON_RECURRING,4597.63,0.0,2,1
V000003|202605|UMA|,V000003,202605,UMA|,managed_uma,RECURRING,2910.33,0.0,2,2
V000003|202605|VARI|,V000003,202605,VARI|,life_annuities,NON_RECURRING,3554.65,0.0,2,2
V000003|202606|529T|,V000003,202606,529T|,plans_529,RECURRING,0.0,2409.47,1,1
V000003|202606|ALTI|,V000003,202606,ALTI|,alternative_investments,NON_RECURRING,2273.94,0.0,1,1
V000003|202606|DAF|,V000003,202606,DAF|,donor_advised_funds,RECURRING,640.86,0.0,1,1
V000003|202606|DCCR|,V000003,202606,DCCR|,defined_contribution_advisory,NON_RECURRING,2540.7,0.0,1,1
V000003|202606|EDK|,V000003,202606,EDK|,referrals_everyday_401k,NON_RECURRING,2004.17,0.0,1,1
V000003|202606|ELIS|EQ,V000003,202606,ELIS|EQ,twhs_equities,NON_RECURRING,907.51,0.0,1,1
V000003|202606|FCXX|,V000003,202606,FCXX|,twhs_fi_corporate,NON_RECURRING,386.17,0.0,1,1
V000003|202606|FMXX|,V000003,202606,FMXX|,twhs_fi_municipal,NON_RECURRING,1865.87,0.0,1,1
V000003|202606|ITMF|,V000003,202606,ITMF|,trails_life_annuities,RECURRING,764.41,0.0,1,1
V000003|202606|JPMC|,V000003,202606,JPMC|,managed_accounts,RECURRING,1613.81,0.0,1,1
V000003|202606|LEND|SBL,V000003,202606,LEND|SBL,lending_sbl,NON_RECURRING,1691.45,0.0,1,1
V000003|202606|LIFE|,V000003,202606,LIFE|,life_annuities,NON_RECURRING,1077.09,0.0,1,1
V000003|202606|MAP|,V000003,202606,MAP|,managed_accounts,RECURRING,576.65,0.0,1,1
V000003|202606|MMKT|,V000003,202606,MMKT|,cash_mgmt_mmkt,RECURRING,1035.42,0.0,1,1
V000003|202606|OIS1|,V000003,202606,OIS1|,managed_accounts,RECURRING,987.36,0.0,1,1
V000003|202606|OISC|,V000003,202606,OISC|,managed_accounts,RECURRING,3786.33,0.0,5,5
V000003|202606|PRDP|,V000003,202606,PRDP|,cash_mgmt_prdp,RECURRING,1579.64,0.0,1,1
V000003|202606|STRT|,V000003,202606,STRT|,twhs_structured,NON_RECURRING,2092.95,0.0,1,1
V000003|202606|UMA|,V000003,202606,UMA|,managed_uma,RECURRING,2159.46,0.0,1,1
V000003|202606|VARI|,V000003,202606,VARI|,life_annuities,NON_RECURRING,413.37,0.0,1,1
V000004|202604|ADVA|,V000004,202604,ADVA|,trails_life_annuities,RECURRING,3751.91,0.0,2,2
V000004|202604|DAF|,V000004,202604,DAF|,donor_advised_funds,RECURRING,3733.02,0.0,2,2
V000004|202604|DCCR|,V000004,202604,DCCR|,defined_contribution_advisory,NON_RECURRING,1241.14,986.22,2,2
V000004|202604|EDK|,V000004,202604,EDK|,referrals_everyday_401k,NON_RECURRING,1608.28,0.0,2,2
V000004|202604|ELIS|EQ,V000004,202604,ELIS|EQ,twhs_equities,NON_RECURRING,2236.14,0.0,2,1
V000004|202604|ELIS|OP,V000004,202604,ELIS|OP,twhs_options,NON_RECURRING,2882.53,0.0,2,2
V000004|202604|FCCD|,V000004,202604,FCCD|,twhs_cash_mgmt_cds,NON_RECURRING,3002.41,0.0,2,2
V000004|202604|FCOT|,V000004,202604,FCOT|,twhs_fi_other,NON_RECURRING,2868.98,0.0,2,2
V000004|202604|FGXX|,V000004,202604,FGXX|,twhs_fi_government,NON_RECURRING,2825.24,0.0,2,2
V000004|202604|FIX|,V000004,202604,FIX|,life_annuities,NON_RECURRING,2272.02,0.0,2,2
V000004|202604|FMXX|,V000004,202604,FMXX|,twhs_fi_municipal,NON_RECURRING,2464.06,0.0,2,2
V000004|202604|JPMC|,V000004,202604,JPMC|,managed_accounts,RECURRING,2093.19,0.0,2,2
V000004|202604|LEND|MGN,V000004,202604,LEND|MGN,lending_margin,NON_RECURRING,2765.75,0.0,2,2
V000004|202604|LEND|SBL,V000004,202604,LEND|SBL,lending_sbl,NON_RECURRING,4034.89,0.0,2,1
V000004|202604|LIFE|,V000004,202604,LIFE|,life_annuities,NON_RECURRING,1809.57,0.0,2,2
V000004|202604|MAP|,V000004,202604,MAP|,managed_accounts,RECURRING,3050.52,0.0,2,2
V000004|202604|MMKT|,V000004,202604,MMKT|,cash_mgmt_mmkt,RECURRING,3488.14,0.0,2,2
V000004|202604|OISC|,V000004,202604,OISC|,managed_accounts,RECURRING,4215.62,0.0,2,2
V000004|202604|UMA|,V000004,202604,UMA|,managed_uma,RECURRING,2605.48,0.0,2,2
V000004|202605|ADVA|,V000004,202605,ADVA|,trails_life_annuities,RECURRING,2397.11,1724.34,2,2
V000004|202605|DAF|,V000004,202605,DAF|,donor_advised_funds,RECURRING,3064.59,0.0,2,2
V000004|202605|DCCR|,V000004,202605,DCCR|,defined_contribution_advisory,NON_RECURRING,3716.01,0.0,2,2
V000004|202605|EDK|,V000004,202605,EDK|,referrals_everyday_401k,NON_RECURRING,4765.23,0.0,2,1
V000004|202605|ELIS|EQ,V000004,202605,ELIS|EQ,twhs_equities,NON_RECURRING,2351.0,0.0,2,2
V000004|202605|ELIS|OP,V000004,202605,ELIS|OP,twhs_options,NON_RECURRING,4462.63,0.0,2,2
V000004|202605|FCCD|,V000004,202605,FCCD|,twhs_cash_mgmt_cds,NON_RECURRING,2290.41,0.0,2,2
V000004|202605|FCOT|,V000004,202605,FCOT|,twhs_fi_other,NON_RECURRING,3504.88,0.0,2,2
V000004|202605|FGXX|,V000004,202605,FGXX|,twhs_fi_government,NON_RECURRING,3880.04,0.0,2,2
V000004|202605|FIX|,V000004,202605,FIX|,life_annuities,NON_RECURRING,4456.36,0.0,2,1
V000004|202605|FMXX|,V000004,202605,FMXX|,twhs_fi_municipal,NON_RECURRING,982.56,0.0,2,2
V000004|202605|JPMC|,V000004,202605,JPMC|,managed_accounts,RECURRING,2243.91,0.0,2,2
V000004|202605|LEND|MGN,V000004,202605,LEND|MGN,lending_margin,NON_RECURRING,3082.42,0.0,2,2
V000004|202605|LEND|SBL,V000004,202605,LEND|SBL,lending_sbl,NON_RECURRING,2494.71,0.0,2,2
V000004|202605|LIFE|,V000004,202605,LIFE|,life_annuities,NON_RECURRING,4106.64,0.0,2,2
V000004|202605|MAP|,V000004,202605,MAP|,managed_accounts,RECURRING,2280.42,0.0,2,2
V000004|202605|MMKT|,V000004,202605,MMKT|,cash_mgmt_mmkt,RECURRING,2864.59,0.0,2,2
V000004|202605|OISC|,V000004,202605,OISC|,managed_accounts,RECURRING,2961.31,0.0,2,2
V000004|202605|UMA|,V000004,202605,UMA|,managed_uma,RECURRING,2356.28,0.0,2,2
V000004|202606|ADVA|,V000004,202606,ADVA|,trails_life_annuities,RECURRING,0.0,1227.91,1,1
V000004|202606|DAF|,V000004,202606,DAF|,donor_advised_funds,RECURRING,2485.82,0.0,1,1
V000004|202606|DCCR|,V000004,202606,DCCR|,defined_contribution_advisory,NON_RECURRING,2075.93,0.0,1,1
V000004|202606|EDK|,V000004,202606,EDK|,referrals_everyday_401k,NON_RECURRING,1891.18,0.0,1,1
V000004|202606|ELIS|EQ,V000004,202606,ELIS|EQ,twhs_equities,NON_RECURRING,1063.54,0.0,1,1
V000004|202606|ELIS|OP,V000004,202606,ELIS|OP,twhs_options,NON_RECURRING,1946.6,0.0,1,1
V000004|202606|FCCD|,V000004,202606,FCCD|,twhs_cash_mgmt_cds,NON_RECURRING,1704.96,0.0,1,1
V000004|202606|FCOT|,V000004,202606,FCOT|,twhs_fi_other,NON_RECURRING,2190.23,0.0,1,1
V000004|202606|FGXX|,V000004,202606,FGXX|,twhs_fi_government,NON_RECURRING,1159.95,0.0,1,1
V000004|202606|FIX|,V000004,202606,FIX|,life_annuities,NON_RECURRING,2196.47,0.0,1,1
V000004|202606|FMXX|,V000004,202606,FMXX|,twhs_fi_municipal,NON_RECURRING,1085.12,0.0,1,1
V000004|202606|JPMC|,V000004,202606,JPMC|,managed_accounts,RECURRING,812.23,0.0,1,1
V000004|202606|LEND|MGN,V000004,202606,LEND|MGN,lending_margin,NON_RECURRING,2451.21,0.0,1,1
V000004|202606|LEND|SBL,V000004,202606,LEND|SBL,lending_sbl,NON_RECURRING,609.66,0.0,1,1
V000004|202606|LIFE|,V000004,202606,LIFE|,life_annuities,NON_RECURRING,406.95,0.0,1,1
V000004|202606|MAP|,V000004,202606,MAP|,managed_accounts,RECURRING,1355.92,0.0,1,1
V000004|202606|MMKT|,V000004,202606,MMKT|,cash_mgmt_mmkt,RECURRING,1766.34,0.0,1,1
V000004|202606|OISC|,V000004,202606,OISC|,managed_accounts,RECURRING,1037.46,0.0,1,1
V000004|202606|UMA|,V000004,202606,UMA|,managed_uma,RECURRING,1328.26,0.0,1,1
V000005|202604|ADVA|,V000005,202604,ADVA|,trails_life_annuities,RECURRING,2663.44,0.0,2,1
V000005|202604|DAF|,V000005,202604,DAF|,donor_advised_funds,RECURRING,2265.29,0.0,2,2
V000005|202604|DCCR|,V000005,202604,DCCR|,defined_contribution_advisory,NON_RECURRING,3830.49,0.0,2,2
V000005|202604|EDK|,V000005,202604,EDK|,referrals_everyday_401k,NON_RECURRING,890.25,0.0,2,2
V000005|202604|ELIS|EQ,V000005,202604,ELIS|EQ,twhs_equities,NON_RECURRING,2349.26,0.0,2,2
V000005|202604|FCCD|,V000005,202604,FCCD|,twhs_cash_mgmt_cds,NON_RECURRING,3588.45,0.0,2,2
V000005|202604|FCOT|,V000005,202604,FCOT|,twhs_fi_other,NON_RECURRING,2922.7,0.0,2,2
V000005|202604|ITMF|,V000005,202604,ITMF|,trails_life_annuities,RECURRING,4256.01,0.0,2,2
V000005|202604|JPMC|,V000005,202604,JPMC|,managed_accounts,RECURRING,3061.97,0.0,2,2
V000005|202604|LEND|MGN,V000005,202604,LEND|MGN,lending_margin,NON_RECURRING,3378.36,0.0,2,2
V000005|202604|MAP|,V000005,202604,MAP|,managed_accounts,RECURRING,3052.19,0.0,2,2
V000005|202604|OIS1|,V000005,202604,OIS1|,managed_accounts,RECURRING,3765.58,0.0,2,2
V000005|202604|OISC|,V000005,202604,OISC|,managed_accounts,RECURRING,3075.23,0.0,2,1
V000005|202604|PCS|,V000005,202604,PCS|,referrals_sit_partnership,RECURRING,2726.24,0.0,2,2
V000005|202604|PRDP|,V000005,202604,PRDP|,cash_mgmt_prdp,RECURRING,2666.5,0.0,2,2
V000005|202604|STRT|,V000005,202604,STRT|,twhs_structured,NON_RECURRING,670.14,574.51,2,2
V000005|202604|UMA|,V000005,202604,UMA|,managed_uma,RECURRING,2676.33,0.0,2,2
V000005|202604|VARI|,V000005,202604,VARI|,life_annuities,NON_RECURRING,2996.9,0.0,2,2
V000005|202605|ADVA|,V000005,202605,ADVA|,trails_life_annuities,RECURRING,3302.02,0.0,2,1
V000005|202605|DAF|,V000005,202605,DAF|,donor_advised_funds,RECURRING,2625.6,0.0,2,2
V000005|202605|DCCR|,V000005,202605,DCCR|,defined_contribution_advisory,NON_RECURRING,2619.47,0.0,2,2
V000005|202605|EDK|,V000005,202605,EDK|,referrals_everyday_401k,NON_RECURRING,980.36,0.0,2,1
V000005|202605|ELIS|EQ,V000005,202605,ELIS|EQ,twhs_equities,NON_RECURRING,3058.43,0.0,2,1
V000005|202605|FCCD|,V000005,202605,FCCD|,twhs_cash_mgmt_cds,NON_RECURRING,2099.59,0.0,2,2
V000005|202605|FCOT|,V000005,202605,FCOT|,twhs_fi_other,NON_RECURRING,3366.49,0.0,2,2
V000005|202605|ITMF|,V000005,202605,ITMF|,trails_life_annuities,RECURRING,3278.73,0.0,2,2
V000005|202605|JPMC|,V000005,202605,JPMC|,managed_accounts,RECURRING,4077.09,0.0,2,2
V000005|202605|LEND|MGN,V000005,202605,LEND|MGN,lending_margin,NON_RECURRING,2598.05,0.0,2,1
V000005|202605|MAP|,V000005,202605,MAP|,managed_accounts,RECURRING,2002.52,0.0,2,2
V000005|202605|OIS1|,V000005,202605,OIS1|,managed_accounts,RECURRING,806.73,0.0,2,2
V000005|202605|OISC|,V000005,202605,OISC|,managed_accounts,RECURRING,4102.71,0.0,2,2
V000005|202605|PCS|,V000005,202605,PCS|,referrals_sit_partnership,RECURRING,2743.85,0.0,2,1
V000005|202605|PRDP|,V000005,202605,PRDP|,cash_mgmt_prdp,RECURRING,3276.88,0.0,2,2
V000005|202605|STRT|,V000005,202605,STRT|,twhs_structured,NON_RECURRING,4361.75,0.0,2,2
V000005|202605|UMA|,V000005,202605,UMA|,managed_uma,RECURRING,3132.7,0.0,2,2
V000005|202605|VARI|,V000005,202605,VARI|,life_annuities,NON_RECURRING,3212.27,0.0,2,2
V000005|202606|ADVA|,V000005,202606,ADVA|,trails_life_annuities,RECURRING,1651.66,0.0,1,1
V000005|202606|DAF|,V000005,202606,DAF|,donor_advised_funds,RECURRING,1454.23,0.0,1,1
V000005|202606|DCCR|,V000005,202606,DCCR|,defined_contribution_advisory,NON_RECURRING,390.14,0.0,1,1
V000005|202606|EDK|,V000005,202606,EDK|,referrals_everyday_401k,NON_RECURRING,1766.53,0.0,1,1
V000005|202606|ELIS|EQ,V000005,202606,ELIS|EQ,twhs_equities,NON_RECURRING,1133.11,0.0,1,1
V000005|202606|FCCD|,V000005,202606,FCCD|,twhs_cash_mgmt_cds,NON_RECURRING,784.62,0.0,1,1
V000005|202606|FCOT|,V000005,202606,FCOT|,twhs_fi_other,NON_RECURRING,2165.7,0.0,1,1
V000005|202606|ITMF|,V000005,202606,ITMF|,trails_life_annuities,RECURRING,1552.01,0.0,1,1
V000005|202606|JPMC|,V000005,202606,JPMC|,managed_accounts,RECURRING,398.46,0.0,1,1
V000005|202606|LEND|MGN,V000005,202606,LEND|MGN,lending_margin,NON_RECURRING,2421.63,0.0,1,1
V000005|202606|MAP|,V000005,202606,MAP|,managed_accounts,RECURRING,2411.17,0.0,1,1
V000005|202606|OIS1|,V000005,202606,OIS1|,managed_accounts,RECURRING,2051.39,0.0,1,1
V000005|202606|OISC|,V000005,202606,OISC|,managed_accounts,RECURRING,1992.62,0.0,1,1
V000005|202606|PCS|,V000005,202606,PCS|,referrals_sit_partnership,RECURRING,2179.64,0.0,1,1
V000005|202606|PRDP|,V000005,202606,PRDP|,cash_mgmt_prdp,RECURRING,1165.56,0.0,1,1
V000005|202606|STRT|,V000005,202606,STRT|,twhs_structured,NON_RECURRING,1483.44,0.0,1,1
V000005|202606|UMA|,V000005,202606,UMA|,managed_uma,RECURRING,1918.59,0.0,1,1
V000005|202606|VARI|,V000005,202606,VARI|,life_annuities,NON_RECURRING,399.23,0.0,1,1
V000006|202604|529T|,V000006,202604,529T|,plans_529,RECURRING,3515.36,0.0,2,1
V000006|202604|ALTI|,V000006,202604,ALTI|,alternative_investments,NON_RECURRING,3942.49,0.0,2,2
V000006|202604|ATMF|,V000006,202604,ATMF|,trails_mutual_funds,RECURRING,2758.56,0.0,2,2
V000006|202604|DCCR|,V000006,202604,DCCR|,defined_contribution_advisory,NON_RECURRING,2946.25,0.0,2,2
V000006|202604|EDK|,V000006,202604,EDK|,referrals_everyday_401k,NON_RECURRING,3458.3,0.0,2,2
V000006|202604|ELIS|OP,V000006,202604,ELIS|OP,twhs_options,NON_RECURRING,4093.45,0.0,2,2
V000006|202604|FCCD|,V000006,202604,FCCD|,twhs_cash_mgmt_cds,NON_RECURRING,4384.21,0.0,2,2
V000006|202604|FCOT|,V000006,202604,FCOT|,twhs_fi_other,NON_RECURRING,2462.86,0.0,2,2
V000006|202604|FGXX|,V000006,202604,FGXX|,twhs_fi_government,NON_RECURRING,3484.79,0.0,2,2
V000006|202604|FMXX|,V000006,202604,FMXX|,twhs_fi_municipal,NON_RECURRING,2194.91,0.0,2,2
V000006|202604|ITMF|,V000006,202604,ITMF|,trails_life_annuities,RECURRING,3607.11,0.0,2,2
V000006|202604|JPMC|,V000006,202604,JPMC|,managed_accounts,RECURRING,2242.39,0.0,2,1
V000006|202604|LEND|MGN,V000006,202604,LEND|MGN,lending_margin,NON_RECURRING,4040.07,0.0,2,2
V000006|202604|LIFE|,V000006,202604,LIFE|,life_annuities,NON_RECURRING,4953.9,0.0,2,2
V000006|202604|MAP|,V000006,202604,MAP|,managed_accounts,RECURRING,4135.43,0.0,2,2
V000006|202604|MISC|,V000006,202604,MISC|,unmapped,NON_RECURRING,740.46,0.0,1,1
V000006|202604|MMKT|,V000006,202604,MMKT|,cash_mgmt_mmkt,RECURRING,2628.67,0.0,2,2
V000006|202604|MUFD|,V000006,202604,MUFD|,twhs_mutual_funds,NON_RECURRING,1890.99,0.0,2,2
V000006|202604|OIS1|,V000006,202604,OIS1|,managed_accounts,RECURRING,3405.42,0.0,2,2
V000006|202604|OISC|,V000006,202604,OISC|,managed_accounts,RECURRING,1602.7,0.0,2,2
V000006|202604|PCS|,V000006,202604,PCS|,referrals_sit_partnership,RECURRING,1834.79,0.0,2,2
V000006|202604|UMA|,V000006,202604,UMA|,managed_uma,RECURRING,2328.52,0.0,2,1
V000006|202604|VARI|,V000006,202604,VARI|,life_annuities,NON_RECURRING,3965.05,0.0,2,2
V000006|202605|529T|,V000006,202605,529T|,plans_529,RECURRING,3528.92,0.0,2,1
V000006|202605|ALTI|,V000006,202605,ALTI|,alternative_investments,NON_RECURRING,1791.75,0.0,2,2
V000006|202605|ATMF|,V000006,202605,ATMF|,trails_mutual_funds,RECURRING,3764.38,0.0,2,2
V000006|202605|DCCR|,V000006,202605,DCCR|,defined_contribution_advisory,NON_RECURRING,3932.24,0.0,2,2
V000006|202605|EDK|,V000006,202605,EDK|,referrals_everyday_401k,NON_RECURRING,3151.78,0.0,2,2
V000006|202605|ELIS|OP,V000006,202605,ELIS|OP,twhs_options,NON_RECURRING,2025.79,2354.16,2,1
V000006|202605|FCCD|,V000006,202605,FCCD|,twhs_cash_mgmt_cds,NON_RECURRING,2447.76,0.0,2,2
V000006|202605|FCOT|,V000006,202605,FCOT|,twhs_fi_other,NON_RECURRING,3085.96,0.0,2,2
V000006|202605|FGXX|,V000006,202605,FGXX|,twhs_fi_government,NON_RECURRING,2765.8,0.0,2,2
V000006|202605|FMXX|,V000006,202605,FMXX|,twhs_fi_municipal,NON_RECURRING,3675.03,0.0,2,2
V000006|202605|ITMF|,V000006,202605,ITMF|,trails_life_annuities,RECURRING,3309.95,0.0,2,2
V000006|202605|JPMC|,V000006,202605,JPMC|,managed_accounts,RECURRING,2491.03,0.0,2,2
V000006|202605|LEND|MGN,V000006,202605,LEND|MGN,lending_margin,NON_RECURRING,3102.5,0.0,2,2
V000006|202605|LIFE|,V000006,202605,LIFE|,life_annuities,NON_RECURRING,1146.46,0.0,2,2
V000006|202605|MAP|,V000006,202605,MAP|,managed_accounts,RECURRING,2533.83,0.0,2,2
V000006|202605|MISC|,V000006,202605,MISC|,unmapped,NON_RECURRING,711.9,0.0,1,1
V000006|202605|MMKT|,V000006,202605,MMKT|,cash_mgmt_mmkt,RECURRING,2361.15,0.0,2,1
V000006|202605|MUFD|,V000006,202605,MUFD|,twhs_mutual_funds,NON_RECURRING,4330.79,0.0,2,2
V000006|202605|OIS1|,V000006,202605,OIS1|,managed_accounts,RECURRING,1662.78,0.0,2,1
V000006|202605|OISC|,V000006,202605,OISC|,managed_accounts,RECURRING,3478.72,0.0,2,2
V000006|202605|PCS|,V000006,202605,PCS|,referrals_sit_partnership,RECURRING,2847.31,0.0,2,2
V000006|202605|UMA|,V000006,202605,UMA|,managed_uma,RECURRING,2288.33,0.0,2,1
V000006|202605|VARI|,V000006,202605,VARI|,life_annuities,NON_RECURRING,2158.75,0.0,2,2
V000006|202606|529T|,V000006,202606,529T|,plans_529,RECURRING,2263.01,0.0,1,1
V000006|202606|ALTI|,V000006,202606,ALTI|,alternative_investments,NON_RECURRING,2541.58,0.0,1,1
V000006|202606|ATMF|,V000006,202606,ATMF|,trails_mutual_funds,RECURRING,1305.34,0.0,1,1
V000006|202606|DCCR|,V000006,202606,DCCR|,defined_contribution_advisory,NON_RECURRING,0.0,1996.52,1,1
V000006|202606|EDK|,V000006,202606,EDK|,referrals_everyday_401k,NON_RECURRING,664.81,0.0,1,1
V000006|202606|ELIS|OP,V000006,202606,ELIS|OP,twhs_options,NON_RECURRING,1720.78,0.0,1,1
V000006|202606|FCCD|,V000006,202606,FCCD|,twhs_cash_mgmt_cds,NON_RECURRING,0.0,1902.95,1,1
V000006|202606|FCOT|,V000006,202606,FCOT|,twhs_fi_other,NON_RECURRING,1266.56,0.0,1,1
V000006|202606|FGXX|,V000006,202606,FGXX|,twhs_fi_government,NON_RECURRING,835.46,0.0,1,1
V000006|202606|FMXX|,V000006,202606,FMXX|,twhs_fi_municipal,NON_RECURRING,2536.36,0.0,1,1
V000006|202606|ITMF|,V000006,202606,ITMF|,trails_life_annuities,RECURRING,807.36,0.0,1,1
V000006|202606|JPMC|,V000006,202606,JPMC|,managed_accounts,RECURRING,1530.73,0.0,1,1
V000006|202606|LEND|MGN,V000006,202606,LEND|MGN,lending_margin,NON_RECURRING,1831.82,0.0,1,1
V000006|202606|LIFE|,V000006,202606,LIFE|,life_annuities,NON_RECURRING,2360.11,0.0,1,1
V000006|202606|MAP|,V000006,202606,MAP|,managed_accounts,RECURRING,321.0,0.0,1,1
V000006|202606|MMKT|,V000006,202606,MMKT|,cash_mgmt_mmkt,RECURRING,2058.44,0.0,1,1
V000006|202606|MUFD|,V000006,202606,MUFD|,twhs_mutual_funds,NON_RECURRING,1037.48,0.0,1,1
V000006|202606|OIS1|,V000006,202606,OIS1|,managed_accounts,RECURRING,2175.37,0.0,1,1
V000006|202606|OISC|,V000006,202606,OISC|,managed_accounts,RECURRING,1248.07,0.0,1,1
V000006|202606|PCS|,V000006,202606,PCS|,referrals_sit_partnership,RECURRING,1791.45,0.0,1,1
V000006|202606|UMA|,V000006,202606,UMA|,managed_uma,RECURRING,2132.56,0.0,1,1
V000006|202606|VARI|,V000006,202606,VARI|,life_annuities,NON_RECURRING,2084.0,0.0,1,1
V000007|202604|529T|,V000007,202604,529T|,plans_529,RECURRING,1422.04,1986.33,2,2
V000007|202604|ADVA|,V000007,202604,ADVA|,trails_life_annuities,RECURRING,2196.06,0.0,2,2
V000007|202604|ALTI|,V000007,202604,ALTI|,alternative_investments,NON_RECURRING,4026.1,0.0,2,2
V000007|202604|EDK|,V000007,202604,EDK|,referrals_everyday_401k,NON_RECURRING,3973.99,0.0,2,2
V000007|202604|ELIS|EQ,V000007,202604,ELIS|EQ,twhs_equities,NON_RECURRING,3915.22,0.0,2,1
V000007|202604|FCCD|,V000007,202604,FCCD|,twhs_cash_mgmt_cds,NON_RECURRING,2454.56,0.0,2,2
V000007|202604|FCXX|,V000007,202604,FCXX|,twhs_fi_corporate,NON_RECURRING,3533.1,0.0,2,2
V000007|202604|FIX|,V000007,202604,FIX|,life_annuities,NON_RECURRING,2540.81,0.0,2,2
V000007|202604|FMXX|,V000007,202604,FMXX|,twhs_fi_municipal,NON_RECURRING,2354.57,0.0,2,2
V000007|202604|LEND|SBL,V000007,202604,LEND|SBL,lending_sbl,NON_RECURRING,2320.13,0.0,2,2
V000007|202604|LIFE|,V000007,202604,LIFE|,life_annuities,NON_RECURRING,3567.2,0.0,2,2
V000007|202604|MAP|,V000007,202604,MAP|,managed_accounts,RECURRING,4174.82,0.0,2,2
V000007|202604|MUFD|,V000007,202604,MUFD|,twhs_mutual_funds,NON_RECURRING,1768.42,0.0,2,1
V000007|202604|OIS1|,V000007,202604,OIS1|,managed_accounts,RECURRING,2330.88,0.0,2,2
V000007|202604|OISC|,V000007,202604,OISC|,managed_accounts,RECURRING,2922.23,0.0,2,2
V000007|202604|VARI|,V000007,202604,VARI|,life_annuities,NON_RECURRING,1913.02,1951.04,2,1
V000007|202605|529T|,V000007,202605,529T|,plans_529,RECURRING,1719.29,0.0,2,2
V000007|202605|ADVA|,V000007,202605,ADVA|,trails_life_annuities,RECURRING,5152.3,0.0,2,1
V000007|202605|ALTI|,V000007,202605,ALTI|,alternative_investments,NON_RECURRING,3136.43,0.0,2,2
V000007|202605|EDK|,V000007,202605,EDK|,referrals_everyday_401k,NON_RECURRING,1492.31,0.0,2,2
V000007|202605|ELIS|EQ,V000007,202605,ELIS|EQ,twhs_equities,NON_RECURRING,2727.29,0.0,2,2
V000007|202605|FCCD|,V000007,202605,FCCD|,twhs_cash_mgmt_cds,NON_RECURRING,2278.22,0.0,2,2
V000007|202605|FCXX|,V000007,202605,FCXX|,twhs_fi_corporate,NON_RECURRING,2090.35,1036.04,2,2
V000007|202605|FIX|,V000007,202605,FIX|,life_annuities,NON_RECURRING,2934.69,0.0,2,2
V000007|202605|FMXX|,V000007,202605,FMXX|,twhs_fi_municipal,NON_RECURRING,2355.08,0.0,2,2
V000007|202605|LEND|SBL,V000007,202605,LEND|SBL,lending_sbl,NON_RECURRING,1570.92,0.0,2,2
V000007|202605|LIFE|,V000007,202605,LIFE|,life_annuities,NON_RECURRING,3040.24,0.0,2,2
V000007|202605|MAP|,V000007,202605,MAP|,managed_accounts,RECURRING,1725.08,0.0,2,2
V000007|202605|MUFD|,V000007,202605,MUFD|,twhs_mutual_funds,NON_RECURRING,1138.75,1839.39,2,2
V000007|202605|OIS1|,V000007,202605,OIS1|,managed_accounts,RECURRING,3096.92,0.0,2,2
V000007|202605|OISC|,V000007,202605,OISC|,managed_accounts,RECURRING,4252.13,0.0,2,2
V000007|202605|VARI|,V000007,202605,VARI|,life_annuities,NON_RECURRING,2721.21,0.0,2,2
V000007|202606|529T|,V000007,202606,529T|,plans_529,RECURRING,422.1,0.0,1,1
V000007|202606|ADVA|,V000007,202606,ADVA|,trails_life_annuities,RECURRING,438.25,0.0,1,1
V000007|202606|ALTI|,V000007,202606,ALTI|,alternative_investments,NON_RECURRING,2320.96,0.0,1,1
V000007|202606|EDK|,V000007,202606,EDK|,referrals_everyday_401k,NON_RECURRING,1978.75,0.0,1,1
V000007|202606|ELIS|EQ,V000007,202606,ELIS|EQ,twhs_equities,NON_RECURRING,1818.86,0.0,1,1
V000007|202606|FCCD|,V000007,202606,FCCD|,twhs_cash_mgmt_cds,NON_RECURRING,1451.5,0.0,1,1
V000007|202606|FCXX|,V000007,202606,FCXX|,twhs_fi_corporate,NON_RECURRING,2553.52,0.0,1,1
V000007|202606|FIX|,V000007,202606,FIX|,life_annuities,NON_RECURRING,869.0,0.0,1,1
V000007|202606|FMXX|,V000007,202606,FMXX|,twhs_fi_municipal,NON_RECURRING,1414.72,0.0,1,1
V000007|202606|LEND|SBL,V000007,202606,LEND|SBL,lending_sbl,NON_RECURRING,818.84,0.0,1,1
V000007|202606|LIFE|,V000007,202606,LIFE|,life_annuities,NON_RECURRING,2590.79,0.0,1,1
V000007|202606|MAP|,V000007,202606,MAP|,managed_accounts,RECURRING,1640.91,0.0,1,1
V000007|202606|MUFD|,V000007,202606,MUFD|,twhs_mutual_funds,NON_RECURRING,343.88,0.0,1,1
V000007|202606|OIS1|,V000007,202606,OIS1|,managed_accounts,RECURRING,1978.82,0.0,1,1
V000007|202606|OISC|,V000007,202606,OISC|,managed_accounts,RECURRING,1556.78,0.0,1,1
V000007|202606|VARI|,V000007,202606,VARI|,life_annuities,NON_RECURRING,0.0,2012.1,1,1
V000008|202604|529T|,V000008,202604,529T|,plans_529,RECURRING,3113.91,0.0,2,2
V000008|202604|ADVA|,V000008,202604,ADVA|,trails_life_annuities,RECURRING,2868.3,0.0,2,2
V000008|202604|ALTI|,V000008,202604,ALTI|,alternative_investments,NON_RECURRING,3426.09,0.0,2,1
V000008|202604|ATMF|,V000008,202604,ATMF|,trails_mutual_funds,RECURRING,4602.7,0.0,2,2
V000008|202604|DCCR|,V000008,202604,DCCR|,defined_contribution_advisory,NON_RECURRING,2475.08,0.0,2,2
V000008|202604|EDK|,V000008,202604,EDK|,referrals_everyday_401k,NON_RECURRING,2653.88,0.0,2,2
V000008|202604|ELIS|EQ,V000008,202604,ELIS|EQ,twhs_equities,NON_RECURRING,2582.63,0.0,2,2
V000008|202604|ELIS|OP,V000008,202604,ELIS|OP,twhs_options,NON_RECURRING,2079.7,0.0,2,2
V000008|202604|FCCD|,V000008,202604,FCCD|,twhs_cash_mgmt_cds,NON_RECURRING,2304.0,2069.06,2,2
V000008|202604|FCXX|,V000008,202604,FCXX|,twhs_fi_corporate,NON_RECURRING,3613.41,0.0,2,2
V000008|202604|FGXX|,V000008,202604,FGXX|,twhs_fi_government,NON_RECURRING,3097.7,0.0,2,2
V000008|202604|FIX|,V000008,202604,FIX|,life_annuities,NON_RECURRING,3472.73,0.0,2,2
V000008|202604|FMXX|,V000008,202604,FMXX|,twhs_fi_municipal,NON_RECURRING,1607.95,0.0,2,2
V000008|202604|ITMF|,V000008,202604,ITMF|,trails_life_annuities,RECURRING,2553.0,0.0,2,1
V000008|202604|JPMC|,V000008,202604,JPMC|,managed_accounts,RECURRING,2317.22,0.0,2,2
V000008|202604|LEND|MGN,V000008,202604,LEND|MGN,lending_margin,NON_RECURRING,1222.25,0.0,2,2
V000008|202604|LEND|SBL,V000008,202604,LEND|SBL,lending_sbl,NON_RECURRING,2118.28,0.0,2,2
V000008|202604|MAP|,V000008,202604,MAP|,managed_accounts,RECURRING,3937.1,0.0,2,2
V000008|202604|MMKT|,V000008,202604,MMKT|,cash_mgmt_mmkt,RECURRING,1632.3,0.0,2,2
V000008|202604|PCS|,V000008,202604,PCS|,referrals_sit_partnership,RECURRING,3791.75,0.0,2,1
V000008|202604|PRDP|,V000008,202604,PRDP|,cash_mgmt_prdp,RECURRING,2589.36,0.0,2,2
V000008|202604|STRT|,V000008,202604,STRT|,twhs_structured,NON_RECURRING,3024.19,0.0,2,2
V000008|202604|UMA|,V000008,202604,UMA|,managed_uma,RECURRING,3261.14,0.0,2,2
V000008|202604|VARI|,V000008,202604,VARI|,life_annuities,NON_RECURRING,1816.78,1550.05,2,2
V000008|202605|529T|,V000008,202605,529T|,plans_529,RECURRING,2558.47,0.0,2,1
V000008|202605|ADVA|,V000008,202605,ADVA|,trails_life_annuities,RECURRING,2639.78,0.0,2,2
V000008|202605|ALTI|,V000008,202605,ALTI|,alternative_investments,NON_RECURRING,3160.04,0.0,2,2
V000008|202605|ATMF|,V000008,202605,ATMF|,trails_mutual_funds,RECURRING,2213.86,2641.62,2,2
V000008|202605|DCCR|,V000008,202605,DCCR|,defined_contribution_advisory,NON_RECURRING,3615.29,0.0,2,2
V000008|202605|EDK|,V000008,202605,EDK|,referrals_everyday_401k,NON_RECURRING,3572.79,0.0,2,2
V000008|202605|ELIS|EQ,V000008,202605,ELIS|EQ,twhs_equities,NON_RECURRING,2092.69,0.0,2,2
V000008|202605|ELIS|OP,V000008,202605,ELIS|OP,twhs_options,NON_RECURRING,1771.76,0.0,2,2
V000008|202605|FCCD|,V000008,202605,FCCD|,twhs_cash_mgmt_cds,NON_RECURRING,2711.34,0.0,2,2
V000008|202605|FCXX|,V000008,202605,FCXX|,twhs_fi_corporate,NON_RECURRING,2035.34,1050.79,2,2
V000008|202605|FGXX|,V000008,202605,FGXX|,twhs_fi_government,NON_RECURRING,1728.4,0.0,2,2
V000008|202605|FIX|,V000008,202605,FIX|,life_annuities,NON_RECURRING,718.22,431.25,2,2
V000008|202605|FMXX|,V000008,202605,FMXX|,twhs_fi_municipal,NON_RECURRING,2672.03,0.0,2,2
V000008|202605|ITMF|,V000008,202605,ITMF|,trails_life_annuities,RECURRING,3095.93,0.0,2,2
V000008|202605|JPMC|,V000008,202605,JPMC|,managed_accounts,RECURRING,1866.14,0.0,2,2
V000008|202605|LEND|MGN,V000008,202605,LEND|MGN,lending_margin,NON_RECURRING,2022.25,0.0,2,2
V000008|202605|LEND|SBL,V000008,202605,LEND|SBL,lending_sbl,NON_RECURRING,2714.85,0.0,2,2
V000008|202605|MAP|,V000008,202605,MAP|,managed_accounts,RECURRING,3790.54,0.0,2,2
V000008|202605|MMKT|,V000008,202605,MMKT|,cash_mgmt_mmkt,RECURRING,2619.83,0.0,2,2
V000008|202605|PCS|,V000008,202605,PCS|,referrals_sit_partnership,RECURRING,2973.72,0.0,2,2
V000008|202605|PRDP|,V000008,202605,PRDP|,cash_mgmt_prdp,RECURRING,3466.35,0.0,2,1
V000008|202605|STRT|,V000008,202605,STRT|,twhs_structured,NON_RECURRING,3241.82,0.0,2,2
V000008|202605|UMA|,V000008,202605,UMA|,managed_uma,RECURRING,4000.38,0.0,2,2
V000008|202605|VARI|,V000008,202605,VARI|,life_annuities,NON_RECURRING,2293.15,0.0,2,2
V000008|202606|529T|,V000008,202606,529T|,plans_529,RECURRING,1629.24,0.0,1,1
V000008|202606|ADVA|,V000008,202606,ADVA|,trails_life_annuities,RECURRING,460.1,0.0,1,1
V000008|202606|ALTI|,V000008,202606,ALTI|,alternative_investments,NON_RECURRING,494.73,0.0,1,1
V000008|202606|ATMF|,V000008,202606,ATMF|,trails_mutual_funds,RECURRING,2224.52,0.0,1,1
V000008|202606|DCCR|,V000008,202606,DCCR|,defined_contribution_advisory,NON_RECURRING,2439.72,0.0,1,1
V000008|202606|EDK|,V000008,202606,EDK|,referrals_everyday_401k,NON_RECURRING,919.28,0.0,1,1
V000008|202606|ELIS|EQ,V000008,202606,ELIS|EQ,twhs_equities,NON_RECURRING,2577.67,0.0,1,1
V000008|202606|ELIS|OP,V000008,202606,ELIS|OP,twhs_options,NON_RECURRING,2249.56,0.0,1,1
V000008|202606|FCCD|,V000008,202606,FCCD|,twhs_cash_mgmt_cds,NON_RECURRING,619.86,0.0,1,1
V000008|202606|FCXX|,V000008,202606,FCXX|,twhs_fi_corporate,NON_RECURRING,0.0,2526.17,1,1
V000008|202606|FGXX|,V000008,202606,FGXX|,twhs_fi_government,NON_RECURRING,1233.88,0.0,1,1
V000008|202606|FIX|,V000008,202606,FIX|,life_annuities,NON_RECURRING,963.48,0.0,1,1
V000008|202606|FMXX|,V000008,202606,FMXX|,twhs_fi_municipal,NON_RECURRING,841.05,0.0,1,1
V000008|202606|ITMF|,V000008,202606,ITMF|,trails_life_annuities,RECURRING,1576.7,0.0,1,1
V000008|202606|JPMC|,V000008,202606,JPMC|,managed_accounts,RECURRING,2539.95,0.0,1,1
V000008|202606|LEND|MGN,V000008,202606,LEND|MGN,lending_margin,NON_RECURRING,0.0,1276.98,1,1
V000008|202606|LEND|SBL,V000008,202606,LEND|SBL,lending_sbl,NON_RECURRING,1569.72,0.0,1,1
V000008|202606|MAP|,V000008,202606,MAP|,managed_accounts,RECURRING,1291.64,0.0,1,1
V000008|202606|MMKT|,V000008,202606,MMKT|,cash_mgmt_mmkt,RECURRING,1436.88,0.0,1,1
V000008|202606|PCS|,V000008,202606,PCS|,referrals_sit_partnership,RECURRING,1820.03,0.0,1,1
V000008|202606|PRDP|,V000008,202606,PRDP|,cash_mgmt_prdp,RECURRING,2340.7,0.0,1,1
V000008|202606|STRT|,V000008,202606,STRT|,twhs_structured,NON_RECURRING,1611.64,0.0,1,1
V000008|202606|UMA|,V000008,202606,UMA|,managed_uma,RECURRING,1896.51,0.0,1,1
V000008|202606|VARI|,V000008,202606,VARI|,life_annuities,NON_RECURRING,0.0,465.02,1,1
V000009|202604|529T|,V000009,202604,529T|,plans_529,RECURRING,4296.59,0.0,2,2
V000009|202604|ATMF|,V000009,202604,ATMF|,trails_mutual_funds,RECURRING,2250.8,0.0,2,2
V000009|202604|DCCR|,V000009,202604,DCCR|,defined_contribution_advisory,NON_RECURRING,3084.91,0.0,2,2
V000009|202604|EDK|,V000009,202604,EDK|,referrals_everyday_401k,NON_RECURRING,3987.79,0.0,2,2
V000009|202604|ELIS|EQ,V000009,202604,ELIS|EQ,twhs_equities,NON_RECURRING,2517.03,0.0,2,2
V000009|202604|FCCD|,V000009,202604,FCCD|,twhs_cash_mgmt_cds,NON_RECURRING,1495.89,324.33,2,2
V000009|202604|FCOT|,V000009,202604,FCOT|,twhs_fi_other,NON_RECURRING,1199.65,0.0,1,1
V000009|202604|FCXX|,V000009,202604,FCXX|,twhs_fi_corporate,NON_RECURRING,3888.22,0.0,2,2
V000009|202604|FGXX|,V000009,202604,FGXX|,twhs_fi_government,NON_RECURRING,1070.43,0.0,1,1
V000009|202604|FIX|,V000009,202604,FIX|,life_annuities,NON_RECURRING,1508.11,0.0,1,1
V000009|202604|FMXX|,V000009,202604,FMXX|,twhs_fi_municipal,NON_RECURRING,0.0,4172.26,2,1
V000009|202604|ITMF|,V000009,202604,ITMF|,trails_life_annuities,RECURRING,2019.79,0.0,2,1
V000009|202604|JPMC|,V000009,202604,JPMC|,managed_accounts,RECURRING,1344.28,1018.75,2,2
V000009|202604|LEND|MGN,V000009,202604,LEND|MGN,lending_margin,NON_RECURRING,4179.9,0.0,2,2
V000009|202604|LIFE|,V000009,202604,LIFE|,life_annuities,NON_RECURRING,0.0,879.36,1,1
V000009|202604|MAP|,V000009,202604,MAP|,managed_accounts,RECURRING,1492.95,0.0,2,2
V000009|202604|MUFD|,V000009,202604,MUFD|,twhs_mutual_funds,NON_RECURRING,2049.64,0.0,2,2
V000009|202604|OIS1|,V000009,202604,OIS1|,managed_accounts,RECURRING,2755.99,0.0,2,2
V000009|202604|OISC|,V000009,202604,OISC|,managed_accounts,RECURRING,3957.47,0.0,2,2
V000009|202604|PRDP|,V000009,202604,PRDP|,cash_mgmt_prdp,RECURRING,1688.79,0.0,1,1
V000009|202605|529T|,V000009,202605,529T|,plans_529,RECURRING,1277.7,0.0,2,2
V000009|202605|ATMF|,V000009,202605,ATMF|,trails_mutual_funds,RECURRING,1590.38,0.0,2,2
V000009|202605|DCCR|,V000009,202605,DCCR|,defined_contribution_advisory,NON_RECURRING,4476.56,0.0,2,2
V000009|202605|EDK|,V000009,202605,EDK|,referrals_everyday_401k,NON_RECURRING,3325.21,0.0,2,2
V000009|202605|ELIS|EQ,V000009,202605,ELIS|EQ,twhs_equities,NON_RECURRING,2006.12,0.0,2,2
V000009|202605|FCCD|,V000009,202605,FCCD|,twhs_cash_mgmt_cds,NON_RECURRING,4763.26,0.0,2,2
V000009|202605|FCOT|,V000009,202605,FCOT|,twhs_fi_other,NON_RECURRING,2840.39,0.0,2,2
V000009|202605|FCXX|,V000009,202605,FCXX|,twhs_fi_corporate,NON_RECURRING,3196.41,0.0,2,2
V000009|202605|FGXX|,V000009,202605,FGXX|,twhs_fi_government,NON_RECURRING,716.83,720.54,2,2
V000009|202605|FIX|,V000009,202605,FIX|,life_annuities,NON_RECURRING,1665.8,0.0,2,2
V000009|202605|FMXX|,V000009,202605,FMXX|,twhs_fi_municipal,NON_RECURRING,2868.33,0.0,2,2
V000009|202605|ITMF|,V000009,202605,ITMF|,trails_life_annuities,RECURRING,2026.68,0.0,2,2
V000009|202605|JPMC|,V000009,202605,JPMC|,managed_accounts,RECURRING,2838.14,0.0,2,2
V000009|202605|LEND|MGN,V000009,202605,LEND|MGN,lending_margin,NON_RECURRING,3194.74,0.0,2,1
V000009|202605|LIFE|,V000009,202605,LIFE|,life_annuities,NON_RECURRING,896.18,0.0,2,1
V000009|202605|MAP|,V000009,202605,MAP|,managed_accounts,RECURRING,2211.91,0.0,2,2
V000009|202605|MUFD|,V000009,202605,MUFD|,twhs_mutual_funds,NON_RECURRING,2699.71,0.0,2,2
V000009|202605|OIS1|,V000009,202605,OIS1|,managed_accounts,RECURRING,1565.65,0.0,2,1
V000009|202605|OISC|,V000009,202605,OISC|,managed_accounts,RECURRING,2830.0,0.0,3,3
V000009|202605|PRDP|,V000009,202605,PRDP|,cash_mgmt_prdp,RECURRING,3435.75,0.0,2,2
V000009|202606|529T|,V000009,202606,529T|,plans_529,RECURRING,1484.28,0.0,1,1
V000009|202606|ATMF|,V000009,202606,ATMF|,trails_mutual_funds,RECURRING,1137.64,0.0,1,1
V000009|202606|DCCR|,V000009,202606,DCCR|,defined_contribution_advisory,NON_RECURRING,1629.68,0.0,1,1
V000009|202606|EDK|,V000009,202606,EDK|,referrals_everyday_401k,NON_RECURRING,2225.07,0.0,1,1
V000009|202606|ELIS|EQ,V000009,202606,ELIS|EQ,twhs_equities,NON_RECURRING,1633.45,0.0,1,1
V000009|202606|FCCD|,V000009,202606,FCCD|,twhs_cash_mgmt_cds,NON_RECURRING,592.59,0.0,1,1
V000009|202606|FCOT|,V000009,202606,FCOT|,twhs_fi_other,NON_RECURRING,746.56,0.0,1,1
V000009|202606|FCXX|,V000009,202606,FCXX|,twhs_fi_corporate,NON_RECURRING,1248.97,0.0,1,1
V000009|202606|FGXX|,V000009,202606,FGXX|,twhs_fi_government,NON_RECURRING,1346.48,0.0,1,1
V000009|202606|FIX|,V000009,202606,FIX|,life_annuities,NON_RECURRING,555.55,0.0,1,1
V000009|202606|FMXX|,V000009,202606,FMXX|,twhs_fi_municipal,NON_RECURRING,0.0,1645.71,1,1
V000009|202606|ITMF|,V000009,202606,ITMF|,trails_life_annuities,RECURRING,2151.85,0.0,1,1
V000009|202606|JPMC|,V000009,202606,JPMC|,managed_accounts,RECURRING,745.55,0.0,1,1
V000009|202606|LEND|MGN,V000009,202606,LEND|MGN,lending_margin,NON_RECURRING,2271.04,0.0,1,1
V000009|202606|LIFE|,V000009,202606,LIFE|,life_annuities,NON_RECURRING,805.66,0.0,1,1
V000009|202606|MAP|,V000009,202606,MAP|,managed_accounts,RECURRING,705.54,0.0,1,1
V000009|202606|MUFD|,V000009,202606,MUFD|,twhs_mutual_funds,NON_RECURRING,2091.64,0.0,1,1
V000009|202606|OIS1|,V000009,202606,OIS1|,managed_accounts,RECURRING,1367.7,0.0,1,1
V000009|202606|OISC|,V000009,202606,OISC|,managed_accounts,RECURRING,3219.99,0.0,2,2
V000009|202606|PRDP|,V000009,202606,PRDP|,cash_mgmt_prdp,RECURRING,420.65,0.0,1,1
V000010|202604|529T|,V000010,202604,529T|,plans_529,RECURRING,2464.8,0.0,2,2
V000010|202604|ATMF|,V000010,202604,ATMF|,trails_mutual_funds,RECURRING,2374.76,0.0,2,2
V000010|202604|DAF|,V000010,202604,DAF|,donor_advised_funds,RECURRING,2127.3,1992.25,2,2
V000010|202604|DCCR|,V000010,202604,DCCR|,defined_contribution_advisory,NON_RECURRING,2524.33,0.0,2,2
V000010|202604|ELIS|EQ,V000010,202604,ELIS|EQ,twhs_equities,NON_RECURRING,2556.88,0.0,1,1
V000010|202604|FCOT|,V000010,202604,FCOT|,twhs_fi_other,NON_RECURRING,2864.02,0.0,2,2
V000010|202604|FCXX|,V000010,202604,FCXX|,twhs_fi_corporate,NON_RECURRING,2653.74,0.0,2,2
V000010|202604|FMXX|,V000010,202604,FMXX|,twhs_fi_municipal,NON_RECURRING,1840.36,0.0,2,2
V000010|202604|MAP|,V000010,202604,MAP|,managed_accounts,RECURRING,870.01,0.0,1,1
V000010|202604|MMKT|,V000010,202604,MMKT|,cash_mgmt_mmkt,RECURRING,2008.74,0.0,2,2
V000010|202604|MUFD|,V000010,202604,MUFD|,twhs_mutual_funds,NON_RECURRING,4668.85,0.0,2,2
V000010|202604|PCS|,V000010,202604,PCS|,referrals_sit_partnership,RECURRING,2116.68,0.0,1,1
V000010|202604|PRDP|,V000010,202604,PRDP|,cash_mgmt_prdp,RECURRING,356.15,0.0,1,1
V000010|202604|STRT|,V000010,202604,STRT|,twhs_structured,NON_RECURRING,2931.66,0.0,2,2
V000010|202604|UMA|,V000010,202604,UMA|,managed_uma,RECURRING,4981.57,0.0,2,2
V000010|202605|529T|,V000010,202605,529T|,plans_529,RECURRING,2310.55,0.0,2,2
V000010|202605|ATMF|,V000010,202605,ATMF|,trails_mutual_funds,RECURRING,2001.45,0.0,2,2
V000010|202605|DAF|,V000010,202605,DAF|,donor_advised_funds,RECURRING,1238.5,0.0,2,2
V000010|202605|DCCR|,V000010,202605,DCCR|,defined_contribution_advisory,NON_RECURRING,1480.12,0.0,2,2
V000010|202605|ELIS|EQ,V000010,202605,ELIS|EQ,twhs_equities,NON_RECURRING,1284.53,0.0,2,2
V000010|202605|FCOT|,V000010,202605,FCOT|,twhs_fi_other,NON_RECURRING,3550.75,0.0,2,2
V000010|202605|FCXX|,V000010,202605,FCXX|,twhs_fi_corporate,NON_RECURRING,2391.78,1229.64,2,2
V000010|202605|FMXX|,V000010,202605,FMXX|,twhs_fi_municipal,NON_RECURRING,3297.03,0.0,2,2
V000010|202605|MAP|,V000010,202605,MAP|,managed_accounts,RECURRING,1570.41,0.0,2,2
V000010|202605|MMKT|,V000010,202605,MMKT|,cash_mgmt_mmkt,RECURRING,2004.97,876.83,2,1
V000010|202605|MUFD|,V000010,202605,MUFD|,twhs_mutual_funds,NON_RECURRING,3246.45,0.0,2,2
V000010|202605|PCS|,V000010,202605,PCS|,referrals_sit_partnership,RECURRING,5159.51,0.0,2,2
V000010|202605|PRDP|,V000010,202605,PRDP|,cash_mgmt_prdp,RECURRING,1995.38,0.0,2,2
V000010|202605|STRT|,V000010,202605,STRT|,twhs_structured,NON_RECURRING,2994.2,0.0,2,2
V000010|202605|UMA|,V000010,202605,UMA|,managed_uma,RECURRING,2757.36,0.0,2,1
V000010|202606|529T|,V000010,202606,529T|,plans_529,RECURRING,1405.12,0.0,1,1
V000010|202606|ATMF|,V000010,202606,ATMF|,trails_mutual_funds,RECURRING,904.16,0.0,1,1
V000010|202606|DAF|,V000010,202606,DAF|,donor_advised_funds,RECURRING,2182.05,0.0,1,1
V000010|202606|DCCR|,V000010,202606,DCCR|,defined_contribution_advisory,NON_RECURRING,1876.52,0.0,1,1
V000010|202606|ELIS|EQ,V000010,202606,ELIS|EQ,twhs_equities,NON_RECURRING,1360.4,0.0,1,1
V000010|202606|FCOT|,V000010,202606,FCOT|,twhs_fi_other,NON_RECURRING,1550.54,0.0,1,1
V000010|202606|FCXX|,V000010,202606,FCXX|,twhs_fi_corporate,NON_RECURRING,970.83,0.0,1,1
V000010|202606|FMXX|,V000010,202606,FMXX|,twhs_fi_municipal,NON_RECURRING,2062.82,0.0,1,1
V000010|202606|MAP|,V000010,202606,MAP|,managed_accounts,RECURRING,2192.44,0.0,1,1
V000010|202606|MMKT|,V000010,202606,MMKT|,cash_mgmt_mmkt,RECURRING,1803.77,0.0,1,1
V000010|202606|MUFD|,V000010,202606,MUFD|,twhs_mutual_funds,NON_RECURRING,927.14,0.0,1,1
V000010|202606|PCS|,V000010,202606,PCS|,referrals_sit_partnership,RECURRING,1434.02,0.0,1,1
V000010|202606|PRDP|,V000010,202606,PRDP|,cash_mgmt_prdp,RECURRING,2385.62,0.0,1,1
V000010|202606|STRT|,V000010,202606,STRT|,twhs_structured,NON_RECURRING,2244.14,0.0,1,1
V000010|202606|UMA|,V000010,202606,UMA|,managed_uma,RECURRING,1586.35,0.0,1,1
V000011|202604|529T|,V000011,202604,529T|,plans_529,RECURRING,3749.26,0.0,2,2
V000011|202604|ADVA|,V000011,202604,ADVA|,trails_life_annuities,RECURRING,1259.9,0.0,1,1
V000011|202604|ALTI|,V000011,202604,ALTI|,alternative_investments,NON_RECURRING,1142.86,0.0,1,1
V000011|202604|ATMF|,V000011,202604,ATMF|,trails_mutual_funds,RECURRING,2687.32,0.0,2,2
V000011|202604|ELIS|EQ,V000011,202604,ELIS|EQ,twhs_equities,NON_RECURRING,1882.51,0.0,1,1
V000011|202604|ELIS|OP,V000011,202604,ELIS|OP,twhs_options,NON_RECURRING,3358.84,0.0,2,2
V000011|202604|FCCD|,V000011,202604,FCCD|,twhs_cash_mgmt_cds,NON_RECURRING,3007.48,0.0,2,2
V000011|202604|FCXX|,V000011,202604,FCXX|,twhs_fi_corporate,NON_RECURRING,948.94,0.0,2,2
V000011|202604|FGXX|,V000011,202604,FGXX|,twhs_fi_government,NON_RECURRING,2035.47,0.0,1,1
V000011|202604|LEND|SBL,V000011,202604,LEND|SBL,lending_sbl,NON_RECURRING,3043.28,0.0,2,2
V000011|202604|LIFE|,V000011,202604,LIFE|,life_annuities,NON_RECURRING,1109.06,0.0,2,1
V000011|202604|OIS1|,V000011,202604,OIS1|,managed_accounts,RECURRING,2266.68,0.0,2,2
V000011|202604|STRT|,V000011,202604,STRT|,twhs_structured,NON_RECURRING,366.15,0.0,1,1
V000011|202604|VARI|,V000011,202604,VARI|,life_annuities,NON_RECURRING,2721.61,0.0,2,2
V000011|202605|529T|,V000011,202605,529T|,plans_529,RECURRING,2818.89,0.0,2,2
V000011|202605|ADVA|,V000011,202605,ADVA|,trails_life_annuities,RECURRING,5128.42,0.0,2,2
V000011|202605|ALTI|,V000011,202605,ALTI|,alternative_investments,NON_RECURRING,2671.09,0.0,2,2
V000011|202605|ATMF|,V000011,202605,ATMF|,trails_mutual_funds,RECURRING,2614.74,0.0,2,2
V000011|202605|ELIS|EQ,V000011,202605,ELIS|EQ,twhs_equities,NON_RECURRING,3577.1,0.0,2,2
V000011|202605|ELIS|OP,V000011,202605,ELIS|OP,twhs_options,NON_RECURRING,2449.78,0.0,2,2
V000011|202605|FCCD|,V000011,202605,FCCD|,twhs_cash_mgmt_cds,NON_RECURRING,1601.77,2578.12,2,2
V000011|202605|FCXX|,V000011,202605,FCXX|,twhs_fi_corporate,NON_RECURRING,3288.19,0.0,2,2
V000011|202605|FGXX|,V000011,202605,FGXX|,twhs_fi_government,NON_RECURRING,2585.31,0.0,2,2
V000011|202605|LEND|SBL,V000011,202605,LEND|SBL,lending_sbl,NON_RECURRING,2866.35,0.0,2,2
V000011|202605|LIFE|,V000011,202605,LIFE|,life_annuities,NON_RECURRING,3000.4,0.0,2,2
V000011|202605|OIS1|,V000011,202605,OIS1|,managed_accounts,RECURRING,2602.66,0.0,2,2
V000011|202605|OISC|,V000011,202605,OISC|,managed_accounts,RECURRING,1650.75,0.0,1,1
V000011|202605|STRT|,V000011,202605,STRT|,twhs_structured,NON_RECURRING,1779.05,0.0,2,2
V000011|202605|VARI|,V000011,202605,VARI|,life_annuities,NON_RECURRING,1790.85,0.0,2,2
V000011|202606|529T|,V000011,202606,529T|,plans_529,RECURRING,495.37,0.0,1,1
V000011|202606|ADVA|,V000011,202606,ADVA|,trails_life_annuities,RECURRING,429.83,0.0,1,1
V000011|202606|ALTI|,V000011,202606,ALTI|,alternative_investments,NON_RECURRING,2503.26,0.0,1,1
V000011|202606|ATMF|,V000011,202606,ATMF|,trails_mutual_funds,RECURRING,523.91,0.0,1,1
V000011|202606|ELIS|EQ,V000011,202606,ELIS|EQ,twhs_equities,NON_RECURRING,2285.75,0.0,1,1
V000011|202606|ELIS|OP,V000011,202606,ELIS|OP,twhs_options,NON_RECURRING,1900.7,0.0,1,1
V000011|202606|FCCD|,V000011,202606,FCCD|,twhs_cash_mgmt_cds,NON_RECURRING,1714.1,0.0,1,1
V000011|202606|FCXX|,V000011,202606,FCXX|,twhs_fi_corporate,NON_RECURRING,1197.69,0.0,1,1
V000011|202606|FGXX|,V000011,202606,FGXX|,twhs_fi_government,NON_RECURRING,1852.76,0.0,1,1
V000011|202606|LEND|SBL,V000011,202606,LEND|SBL,lending_sbl,NON_RECURRING,1074.73,0.0,1,1
V000011|202606|LIFE|,V000011,202606,LIFE|,life_annuities,NON_RECURRING,0.0,960.92,1,1
V000011|202606|OIS1|,V000011,202606,OIS1|,managed_accounts,RECURRING,1643.12,0.0,1,1
V000011|202606|OISC|,V000011,202606,OISC|,managed_accounts,RECURRING,923.31,0.0,1,1
V000011|202606|STRT|,V000011,202606,STRT|,twhs_structured,NON_RECURRING,690.49,0.0,1,1
V000011|202606|VARI|,V000011,202606,VARI|,life_annuities,NON_RECURRING,1761.52,0.0,1,1
V000012|202604|529T|,V000012,202604,529T|,plans_529,RECURRING,3192.38,0.0,2,2
V000012|202604|ALTI|,V000012,202604,ALTI|,alternative_investments,NON_RECURRING,2843.22,0.0,2,2
V000012|202604|DAF|,V000012,202604,DAF|,donor_advised_funds,RECURRING,843.1,0.0,1,1
V000012|202604|ELIS|OP,V000012,202604,ELIS|OP,twhs_options,NON_RECURRING,3444.82,0.0,2,2
V000012|202604|FCCD|,V000012,202604,FCCD|,twhs_cash_mgmt_cds,NON_RECURRING,2402.29,0.0,2,2
V000012|202604|FCOT|,V000012,202604,FCOT|,twhs_fi_other,NON_RECURRING,3538.69,0.0,2,2
V000012|202604|FGXX|,V000012,202604,FGXX|,twhs_fi_government,NON_RECURRING,0.0,927.24,1,1
V000012|202604|ITMF|,V000012,202604,ITMF|,trails_life_annuities,RECURRING,2160.55,0.0,1,1
V000012|202604|JPMC|,V000012,202604,JPMC|,managed_accounts,RECURRING,1252.92,0.0,1,1
V000012|202604|LEND|MGN,V000012,202604,LEND|MGN,lending_margin,NON_RECURRING,1516.74,0.0,2,2
V000012|202604|LIFE|,V000012,202604,LIFE|,life_annuities,NON_RECURRING,2484.25,0.0,1,1
V000012|202604|MAP|,V000012,202604,MAP|,managed_accounts,RECURRING,1819.85,715.38,2,2
V000012|202604|OISC|,V000012,202604,OISC|,managed_accounts,RECURRING,2931.89,0.0,2,2
V000012|202604|PCS|,V000012,202604,PCS|,referrals_sit_partnership,RECURRING,3518.02,0.0,2,2
V000012|202605|529T|,V000012,202605,529T|,plans_529,RECURRING,2046.44,375.61,2,2
V000012|202605|ADVA|,V000012,202605,ADVA|,trails_life_annuities,RECURRING,2028.4,0.0,2,2
V000012|202605|ALTI|,V000012,202605,ALTI|,alternative_investments,NON_RECURRING,3496.01,0.0,2,2
V000012|202605|DAF|,V000012,202605,DAF|,donor_advised_funds,RECURRING,2315.68,0.0,2,2
V000012|202605|ELIS|OP,V000012,202605,ELIS|OP,twhs_options,NON_RECURRING,3906.05,0.0,2,2
V000012|202605|FCCD|,V000012,202605,FCCD|,twhs_cash_mgmt_cds,NON_RECURRING,4411.07,0.0,2,2
V000012|202605|FCOT|,V000012,202605,FCOT|,twhs_fi_other,NON_RECURRING,5067.46,0.0,2,2
V000012|202605|FGXX|,V000012,202605,FGXX|,twhs_fi_government,NON_RECURRING,1411.74,0.0,2,2
V000012|202605|ITMF|,V000012,202605,ITMF|,trails_life_annuities,RECURRING,3536.95,0.0,2,2
V000012|202605|JPMC|,V000012,202605,JPMC|,managed_accounts,RECURRING,4327.79,0.0,2,2
V000012|202605|LEND|MGN,V000012,202605,LEND|MGN,lending_margin,NON_RECURRING,3962.58,0.0,2,2
V000012|202605|LIFE|,V000012,202605,LIFE|,life_annuities,NON_RECURRING,2866.96,0.0,2,2
V000012|202605|MAP|,V000012,202605,MAP|,managed_accounts,RECURRING,4000.55,0.0,2,2
V000012|202605|OISC|,V000012,202605,OISC|,managed_accounts,RECURRING,3911.7,0.0,2,2
V000012|202605|PCS|,V000012,202605,PCS|,referrals_sit_partnership,RECURRING,3266.79,0.0,2,2
V000012|202606|529T|,V000012,202606,529T|,plans_529,RECURRING,883.41,0.0,1,1
V000012|202606|ADVA|,V000012,202606,ADVA|,trails_life_annuities,RECURRING,435.13,0.0,1,1
V000012|202606|ALTI|,V000012,202606,ALTI|,alternative_investments,NON_RECURRING,2353.15,0.0,1,1
V000012|202606|DAF|,V000012,202606,DAF|,donor_advised_funds,RECURRING,1153.07,0.0,1,1
V000012|202606|ELIS|OP,V000012,202606,ELIS|OP,twhs_options,NON_RECURRING,712.56,0.0,1,1
V000012|202606|FCCD|,V000012,202606,FCCD|,twhs_cash_mgmt_cds,NON_RECURRING,2019.99,0.0,1,1
V000012|202606|FCOT|,V000012,202606,FCOT|,twhs_fi_other,NON_RECURRING,898.93,0.0,1,1
V000012|202606|FGXX|,V000012,202606,FGXX|,twhs_fi_government,NON_RECURRING,603.41,0.0,1,1
V000012|202606|ITMF|,V000012,202606,ITMF|,trails_life_annuities,RECURRING,1273.57,0.0,1,1
V000012|202606|JPMC|,V000012,202606,JPMC|,managed_accounts,RECURRING,1788.64,0.0,1,1
V000012|202606|LEND|MGN,V000012,202606,LEND|MGN,lending_margin,NON_RECURRING,2261.98,0.0,1,1
V000012|202606|LIFE|,V000012,202606,LIFE|,life_annuities,NON_RECURRING,2208.06,0.0,1,1
V000012|202606|MAP|,V000012,202606,MAP|,managed_accounts,RECURRING,2541.12,0.0,1,1
V000012|202606|OISC|,V000012,202606,OISC|,managed_accounts,RECURRING,1720.66,0.0,1,1
V000012|202606|PCS|,V000012,202606,PCS|,referrals_sit_partnership,RECURRING,2592.5,0.0,1,1
V000013|202604|529T|,V000013,202604,529T|,plans_529,RECURRING,486.45,1666.67,2,2
V000013|202604|ADVA|,V000013,202604,ADVA|,trails_life_annuities,RECURRING,2066.98,2595.41,2,2
V000013|202604|ALTI|,V000013,202604,ALTI|,alternative_investments,NON_RECURRING,1808.34,1297.74,2,2
V000013|202604|ATMF|,V000013,202604,ATMF|,trails_mutual_funds,RECURRING,2749.37,0.0,2,2
V000013|202604|DAF|,V000013,202604,DAF|,donor_advised_funds,RECURRING,3332.85,0.0,2,2
V000013|202604|DCCR|,V000013,202604,DCCR|,defined_contribution_advisory,NON_RECURRING,3147.11,0.0,2,2
V000013|202604|ELIS|EQ,V000013,202604,ELIS|EQ,twhs_equities,NON_RECURRING,2837.78,0.0,2,2
V000013|202604|ELIS|OP,V000013,202604,ELIS|OP,twhs_options,NON_RECURRING,2028.09,0.0,2,2
V000013|202604|FCCD|,V000013,202604,FCCD|,twhs_cash_mgmt_cds,NON_RECURRING,2764.63,0.0,2,2
V000013|202604|FCOT|,V000013,202604,FCOT|,twhs_fi_other,NON_RECURRING,3869.55,0.0,2,2
V000013|202604|FCXX|,V000013,202604,FCXX|,twhs_fi_corporate,NON_RECURRING,2409.4,0.0,2,1
V000013|202604|FGXX|,V000013,202604,FGXX|,twhs_fi_government,NON_RECURRING,2598.75,0.0,2,2
V000013|202604|FIX|,V000013,202604,FIX|,life_annuities,NON_RECURRING,3466.78,0.0,2,2
V000013|202604|ITMF|,V000013,202604,ITMF|,trails_life_annuities,RECURRING,2707.15,0.0,2,2
V000013|202604|LIFE|,V000013,202604,LIFE|,life_annuities,NON_RECURRING,2827.37,0.0,2,2
V000013|202604|MAP|,V000013,202604,MAP|,managed_accounts,RECURRING,1318.01,0.0,2,2
V000013|202604|MMKT|,V000013,202604,MMKT|,cash_mgmt_mmkt,RECURRING,4304.06,0.0,2,2
V000013|202604|STRT|,V000013,202604,STRT|,twhs_structured,NON_RECURRING,3228.11,0.0,2,2
V000013|202604|VARI|,V000013,202604,VARI|,life_annuities,NON_RECURRING,1970.35,0.0,2,2
V000014|202604|ADVA|,V000014,202604,ADVA|,trails_life_annuities,RECURRING,1757.21,0.0,2,2
V000014|202604|DAF|,V000014,202604,DAF|,donor_advised_funds,RECURRING,3564.6,0.0,2,2
V000014|202604|ELIS|EQ,V000014,202604,ELIS|EQ,twhs_equities,NON_RECURRING,2184.07,2069.2,2,2
V000014|202604|FCCD|,V000014,202604,FCCD|,twhs_cash_mgmt_cds,NON_RECURRING,1910.68,2391.23,2,2
V000014|202604|FCXX|,V000014,202604,FCXX|,twhs_fi_corporate,NON_RECURRING,4271.67,0.0,2,2
V000014|202604|FGXX|,V000014,202604,FGXX|,twhs_fi_government,NON_RECURRING,2537.12,1204.51,2,2
V000014|202604|FIX|,V000014,202604,FIX|,life_annuities,NON_RECURRING,4439.43,0.0,2,2
V000014|202604|FMXX|,V000014,202604,FMXX|,twhs_fi_municipal,NON_RECURRING,3149.45,0.0,2,2
V000014|202604|ITMF|,V000014,202604,ITMF|,trails_life_annuities,RECURRING,4028.04,0.0,2,2
V000014|202604|LEND|SBL,V000014,202604,LEND|SBL,lending_sbl,NON_RECURRING,584.77,554.02,2,2
V000014|202604|LIFE|,V000014,202604,LIFE|,life_annuities,NON_RECURRING,2746.39,0.0,2,1
V000014|202604|MAP|,V000014,202604,MAP|,managed_accounts,RECURRING,4225.83,0.0,2,2
V000014|202604|MMKT|,V000014,202604,MMKT|,cash_mgmt_mmkt,RECURRING,2699.61,0.0,2,2
V000014|202604|MUFD|,V000014,202604,MUFD|,twhs_mutual_funds,NON_RECURRING,1342.61,0.0,2,2
V000014|202604|OIS1|,V000014,202604,OIS1|,managed_accounts,RECURRING,1307.65,1904.28,2,2
V000014|202604|OISC|,V000014,202604,OISC|,managed_accounts,RECURRING,1595.42,0.0,2,2
V000014|202604|PCS|,V000014,202604,PCS|,referrals_sit_partnership,RECURRING,4694.09,0.0,2,2
V000014|202604|PRDP|,V000014,202604,PRDP|,cash_mgmt_prdp,RECURRING,2926.63,0.0,2,2
V000014|202604|STRT|,V000014,202604,STRT|,twhs_structured,NON_RECURRING,2646.04,0.0,2,2
V000014|202604|VARI|,V000014,202604,VARI|,life_annuities,NON_RECURRING,2920.76,0.0,2,2
V000014|202605|ADVA|,V000014,202605,ADVA|,trails_life_annuities,RECURRING,4847.19,0.0,2,2
V000014|202605|DAF|,V000014,202605,DAF|,donor_advised_funds,RECURRING,1472.55,0.0,2,2
V000014|202605|ELIS|EQ,V000014,202605,ELIS|EQ,twhs_equities,NON_RECURRING,4122.52,0.0,2,2
V000014|202605|FCCD|,V000014,202605,FCCD|,twhs_cash_mgmt_cds,NON_RECURRING,3711.83,0.0,2,2
V000014|202605|FCXX|,V000014,202605,FCXX|,twhs_fi_corporate,NON_RECURRING,3872.81,0.0,2,2
V000014|202605|FGXX|,V000014,202605,FGXX|,twhs_fi_government,NON_RECURRING,894.4,1507.03,2,2
V000014|202605|FIX|,V000014,202605,FIX|,life_annuities,NON_RECURRING,1825.45,0.0,2,2
V000014|202605|FMXX|,V000014,202605,FMXX|,twhs_fi_municipal,NON_RECURRING,3957.34,0.0,2,2
V000014|202605|ITMF|,V000014,202605,ITMF|,trails_life_annuities,RECURRING,2511.54,0.0,2,2
V000014|202605|LEND|SBL,V000014,202605,LEND|SBL,lending_sbl,NON_RECURRING,4652.88,0.0,2,2
V000014|202605|LIFE|,V000014,202605,LIFE|,life_annuities,NON_RECURRING,1814.82,0.0,2,2
V000014|202605|MAP|,V000014,202605,MAP|,managed_accounts,RECURRING,2773.44,0.0,2,2
V000014|202605|MMKT|,V000014,202605,MMKT|,cash_mgmt_mmkt,RECURRING,3019.64,0.0,2,2
V000014|202605|MUFD|,V000014,202605,MUFD|,twhs_mutual_funds,NON_RECURRING,1387.84,0.0,2,2
V000014|202605|OIS1|,V000014,202605,OIS1|,managed_accounts,RECURRING,2692.05,0.0,2,2
V000014|202605|OISC|,V000014,202605,OISC|,managed_accounts,RECURRING,2011.72,1673.18,2,2
V000014|202605|PCS|,V000014,202605,PCS|,referrals_sit_partnership,RECURRING,3669.49,0.0,2,2
V000014|202605|PRDP|,V000014,202605,PRDP|,cash_mgmt_prdp,RECURRING,2130.73,0.0,2,2
V000014|202605|STRT|,V000014,202605,STRT|,twhs_structured,NON_RECURRING,3288.58,0.0,2,2
V000014|202605|VARI|,V000014,202605,VARI|,life_annuities,NON_RECURRING,3230.5,0.0,2,1
V000014|202606|ADVA|,V000014,202606,ADVA|,trails_life_annuities,RECURRING,2100.63,0.0,1,1
V000014|202606|DAF|,V000014,202606,DAF|,donor_advised_funds,RECURRING,877.04,0.0,1,1
V000014|202606|ELIS|EQ,V000014,202606,ELIS|EQ,twhs_equities,NON_RECURRING,460.85,0.0,1,1
V000014|202606|FCCD|,V000014,202606,FCCD|,twhs_cash_mgmt_cds,NON_RECURRING,2402.24,0.0,1,1
V000014|202606|FCXX|,V000014,202606,FCXX|,twhs_fi_corporate,NON_RECURRING,1461.09,0.0,1,1
V000014|202606|FGXX|,V000014,202606,FGXX|,twhs_fi_government,NON_RECURRING,1085.75,0.0,1,1
V000014|202606|FIX|,V000014,202606,FIX|,life_annuities,NON_RECURRING,0.0,309.84,1,1
V000014|202606|FMXX|,V000014,202606,FMXX|,twhs_fi_municipal,NON_RECURRING,2553.17,0.0,1,1
V000014|202606|ITMF|,V000014,202606,ITMF|,trails_life_annuities,RECURRING,1000.61,0.0,1,1
V000014|202606|LEND|SBL,V000014,202606,LEND|SBL,lending_sbl,NON_RECURRING,1111.89,0.0,1,1
V000014|202606|LIFE|,V000014,202606,LIFE|,life_annuities,NON_RECURRING,371.18,0.0,1,1
V000014|202606|MAP|,V000014,202606,MAP|,managed_accounts,RECURRING,0.0,2401.59,1,1
V000014|202606|MMKT|,V000014,202606,MMKT|,cash_mgmt_mmkt,RECURRING,1536.33,0.0,1,1
V000014|202606|MUFD|,V000014,202606,MUFD|,twhs_mutual_funds,NON_RECURRING,1967.67,0.0,1,1
V000014|202606|OIS1|,V000014,202606,OIS1|,managed_accounts,RECURRING,1572.18,0.0,1,1
V000014|202606|OISC|,V000014,202606,OISC|,managed_accounts,RECURRING,1185.61,0.0,1,1
V000014|202606|PCS|,V000014,202606,PCS|,referrals_sit_partnership,RECURRING,301.25,0.0,1,1
V000014|202606|PRDP|,V000014,202606,PRDP|,cash_mgmt_prdp,RECURRING,302.3,0.0,1,1
V000014|202606|STRT|,V000014,202606,STRT|,twhs_structured,NON_RECURRING,2233.57,0.0,1,1
V000014|202606|VARI|,V000014,202606,VARI|,life_annuities,NON_RECURRING,2053.67,0.0,1,1
V000015|202604|529T|,V000015,202604,529T|,plans_529,RECURRING,2332.75,1332.38,2,2
V000015|202604|ADVA|,V000015,202604,ADVA|,trails_life_annuities,RECURRING,2921.28,0.0,2,2
V000015|202604|DCCR|,V000015,202604,DCCR|,defined_contribution_advisory,NON_RECURRING,2995.44,0.0,2,2
V000015|202604|EDK|,V000015,202604,EDK|,referrals_everyday_401k,NON_RECURRING,2658.76,0.0,2,2
V000015|202604|ELIS|EQ,V000015,202604,ELIS|EQ,twhs_equities,NON_RECURRING,3402.61,0.0,2,2
V000015|202604|FCOT|,V000015,202604,FCOT|,twhs_fi_other,NON_RECURRING,2378.81,0.0,2,2
V000015|202604|FCXX|,V000015,202604,FCXX|,twhs_fi_corporate,NON_RECURRING,1805.35,0.0,2,2
V000015|202604|FIX|,V000015,202604,FIX|,life_annuities,NON_RECURRING,857.34,0.0,2,1
V000015|202604|FMXX|,V000015,202604,FMXX|,twhs_fi_municipal,NON_RECURRING,2773.2,0.0,2,2
V000015|202604|ITMF|,V000015,202604,ITMF|,trails_life_annuities,RECURRING,3454.94,0.0,2,2
V000015|202604|LEND|MGN,V000015,202604,LEND|MGN,lending_margin,NON_RECURRING,2659.26,0.0,2,2
V000015|202604|LEND|SBL,V000015,202604,LEND|SBL,lending_sbl,NON_RECURRING,3088.58,0.0,2,2
V000015|202604|MMKT|,V000015,202604,MMKT|,cash_mgmt_mmkt,RECURRING,4447.05,0.0,2,2
V000015|202604|MUFD|,V000015,202604,MUFD|,twhs_mutual_funds,NON_RECURRING,2043.28,0.0,2,2
V000015|202604|OIS1|,V000015,202604,OIS1|,managed_accounts,RECURRING,4221.82,0.0,2,2
V000015|202604|OISC|,V000015,202604,OISC|,managed_accounts,RECURRING,1859.64,0.0,2,2
V000015|202604|PRDP|,V000015,202604,PRDP|,cash_mgmt_prdp,RECURRING,4128.28,0.0,2,2
V000015|202604|STRT|,V000015,202604,STRT|,twhs_structured,NON_RECURRING,4566.74,0.0,2,2
V000015|202604|UMA|,V000015,202604,UMA|,managed_uma,RECURRING,751.0,2524.78,2,2
V000015|202605|529T|,V000015,202605,529T|,plans_529,RECURRING,3673.21,0.0,2,2
V000015|202605|ADVA|,V000015,202605,ADVA|,trails_life_annuities,RECURRING,773.28,486.02,2,2
V000015|202605|DCCR|,V000015,202605,DCCR|,defined_contribution_advisory,NON_RECURRING,2974.45,0.0,2,2
V000015|202605|EDK|,V000015,202605,EDK|,referrals_everyday_401k,NON_RECURRING,3591.91,0.0,2,2
V000015|202605|ELIS|EQ,V000015,202605,ELIS|EQ,twhs_equities,NON_RECURRING,3513.77,0.0,2,2
V000015|202605|FCOT|,V000015,202605,FCOT|,twhs_fi_other,NON_RECURRING,1872.01,0.0,2,1
V000015|202605|FCXX|,V000015,202605,FCXX|,twhs_fi_corporate,NON_RECURRING,3018.65,0.0,2,2
V000015|202605|FIX|,V000015,202605,FIX|,life_annuities,NON_RECURRING,2461.96,0.0,2,2
V000015|202605|FMXX|,V000015,202605,FMXX|,twhs_fi_municipal,NON_RECURRING,3657.79,0.0,2,2
V000015|202605|ITMF|,V000015,202605,ITMF|,trails_life_annuities,RECURRING,2081.32,0.0,2,2
V000015|202605|LEND|MGN,V000015,202605,LEND|MGN,lending_margin,NON_RECURRING,1842.72,480.35,2,2
V000015|202605|LEND|SBL,V000015,202605,LEND|SBL,lending_sbl,NON_RECURRING,3194.42,0.0,2,2
V000015|202605|MMKT|,V000015,202605,MMKT|,cash_mgmt_mmkt,RECURRING,1903.95,0.0,2,2
V000015|202605|MUFD|,V000015,202605,MUFD|,twhs_mutual_funds,NON_RECURRING,4430.15,0.0,2,2
V000015|202605|OIS1|,V000015,202605,OIS1|,managed_accounts,RECURRING,3099.97,0.0,2,1
V000015|202605|OISC|,V000015,202605,OISC|,managed_accounts,RECURRING,3036.24,0.0,2,2
V000015|202605|PRDP|,V000015,202605,PRDP|,cash_mgmt_prdp,RECURRING,1942.18,0.0,2,2
V000015|202605|STRT|,V000015,202605,STRT|,twhs_structured,NON_RECURRING,1865.11,0.0,2,2
V000015|202605|UMA|,V000015,202605,UMA|,managed_uma,RECURRING,1307.2,832.8,2,2
V000015|202606|529T|,V000015,202606,529T|,plans_529,RECURRING,619.59,0.0,1,1
V000015|202606|ADVA|,V000015,202606,ADVA|,trails_life_annuities,RECURRING,2107.74,0.0,1,1
V000015|202606|DCCR|,V000015,202606,DCCR|,defined_contribution_advisory,NON_RECURRING,708.56,0.0,1,1
V000015|202606|EDK|,V000015,202606,EDK|,referrals_everyday_401k,NON_RECURRING,0.0,1147.9,1,1
V000015|202606|ELIS|EQ,V000015,202606,ELIS|EQ,twhs_equities,NON_RECURRING,1279.15,0.0,1,1
V000015|202606|FCOT|,V000015,202606,FCOT|,twhs_fi_other,NON_RECURRING,1188.8,0.0,1,1
V000015|202606|FCXX|,V000015,202606,FCXX|,twhs_fi_corporate,NON_RECURRING,1606.84,0.0,1,1
V000015|202606|FIX|,V000015,202606,FIX|,life_annuities,NON_RECURRING,1769.71,0.0,1,1
V000015|202606|FMXX|,V000015,202606,FMXX|,twhs_fi_municipal,NON_RECURRING,2554.4,0.0,1,1
V000015|202606|ITMF|,V000015,202606,ITMF|,trails_life_annuities,RECURRING,1963.67,0.0,1,1
V000015|202606|LEND|MGN,V000015,202606,LEND|MGN,lending_margin,NON_RECURRING,835.99,0.0,1,1
V000015|202606|LEND|SBL,V000015,202606,LEND|SBL,lending_sbl,NON_RECURRING,729.39,0.0,1,1
V000015|202606|MMKT|,V000015,202606,MMKT|,cash_mgmt_mmkt,RECURRING,2121.4,0.0,1,1
V000015|202606|MUFD|,V000015,202606,MUFD|,twhs_mutual_funds,NON_RECURRING,0.0,1049.98,1,1
V000015|202606|OIS1|,V000015,202606,OIS1|,managed_accounts,RECURRING,2190.28,0.0,1,1
V000015|202606|OISC|,V000015,202606,OISC|,managed_accounts,RECURRING,2071.18,0.0,1,1
V000015|202606|PRDP|,V000015,202606,PRDP|,cash_mgmt_prdp,RECURRING,782.04,0.0,1,1
V000015|202606|STRT|,V000015,202606,STRT|,twhs_structured,NON_RECURRING,2163.92,0.0,1,1
V000015|202606|UMA|,V000015,202606,UMA|,managed_uma,RECURRING,2575.33,0.0,1,1
V000016|202604|529T|,V000016,202604,529T|,plans_529,RECURRING,2892.09,0.0,2,2
V000016|202604|ADVA|,V000016,202604,ADVA|,trails_life_annuities,RECURRING,2836.29,0.0,2,1
V000016|202604|ALTI|,V000016,202604,ALTI|,alternative_investments,NON_RECURRING,2310.35,0.0,2,2
V000016|202604|ATMF|,V000016,202604,ATMF|,trails_mutual_funds,RECURRING,2456.07,0.0,2,1
V000016|202604|DAF|,V000016,202604,DAF|,donor_advised_funds,RECURRING,2037.54,0.0,2,1
V000016|202604|DCCR|,V000016,202604,DCCR|,defined_contribution_advisory,NON_RECURRING,2613.58,0.0,2,2
V000016|202604|ELIS|EQ,V000016,202604,ELIS|EQ,twhs_equities,NON_RECURRING,2383.51,0.0,2,2
V000016|202604|ELIS|OP,V000016,202604,ELIS|OP,twhs_options,NON_RECURRING,1313.51,1316.73,2,2
V000016|202604|FCCD|,V000016,202604,FCCD|,twhs_cash_mgmt_cds,NON_RECURRING,2328.48,0.0,2,2
V000016|202604|FCOT|,V000016,202604,FCOT|,twhs_fi_other,NON_RECURRING,1756.24,0.0,2,2
V000016|202604|FCXX|,V000016,202604,FCXX|,twhs_fi_corporate,NON_RECURRING,5080.48,0.0,2,2
V000016|202604|FGXX|,V000016,202604,FGXX|,twhs_fi_government,NON_RECURRING,912.34,0.0,2,2
V000016|202604|FIX|,V000016,202604,FIX|,life_annuities,NON_RECURRING,2134.45,0.0,2,2
V000016|202604|FMXX|,V000016,202604,FMXX|,twhs_fi_municipal,NON_RECURRING,2997.67,0.0,2,2
V000016|202604|ITMF|,V000016,202604,ITMF|,trails_life_annuities,RECURRING,4563.81,0.0,2,2
V000016|202604|JPMC|,V000016,202604,JPMC|,managed_accounts,RECURRING,2635.15,0.0,2,2
V000016|202604|LEND|MGN,V000016,202604,LEND|MGN,lending_margin,NON_RECURRING,2878.79,0.0,2,2
V000016|202604|LEND|SBL,V000016,202604,LEND|SBL,lending_sbl,NON_RECURRING,1030.34,770.09,2,2
V000016|202604|MMKT|,V000016,202604,MMKT|,cash_mgmt_mmkt,RECURRING,2866.12,0.0,2,2
V000016|202604|MUFD|,V000016,202604,MUFD|,twhs_mutual_funds,NON_RECURRING,2390.14,420.56,2,2
V000016|202604|OISC|,V000016,202604,OISC|,managed_accounts,RECURRING,3770.75,0.0,2,2
V000016|202604|PRDP|,V000016,202604,PRDP|,cash_mgmt_prdp,RECURRING,1147.48,0.0,2,2
V000016|202604|UMA|,V000016,202604,UMA|,managed_uma,RECURRING,1691.15,933.51,2,2
V000016|202605|529T|,V000016,202605,529T|,plans_529,RECURRING,3716.32,0.0,2,2
V000016|202605|ADVA|,V000016,202605,ADVA|,trails_life_annuities,RECURRING,3017.79,0.0,2,2
V000016|202605|ALTI|,V000016,202605,ALTI|,alternative_investments,NON_RECURRING,996.87,0.0,2,1
V000016|202605|ATMF|,V000016,202605,ATMF|,trails_mutual_funds,RECURRING,2183.65,0.0,2,2
V000016|202605|DAF|,V000016,202605,DAF|,donor_advised_funds,RECURRING,3948.77,0.0,2,2
V000016|202605|DCCR|,V000016,202605,DCCR|,defined_contribution_advisory,NON_RECURRING,3660.87,0.0,2,2
V000016|202605|ELIS|EQ,V000016,202605,ELIS|EQ,twhs_equities,NON_RECURRING,4032.58,0.0,2,2
V000016|202605|ELIS|OP,V000016,202605,ELIS|OP,twhs_options,NON_RECURRING,5134.53,0.0,2,2
V000016|202605|FCCD|,V000016,202605,FCCD|,twhs_cash_mgmt_cds,NON_RECURRING,1810.57,0.0,2,2
V000016|202605|FCOT|,V000016,202605,FCOT|,twhs_fi_other,NON_RECURRING,3322.59,0.0,2,2
V000016|202605|FCXX|,V000016,202605,FCXX|,twhs_fi_corporate,NON_RECURRING,1956.1,0.0,2,2
V000016|202605|FGXX|,V000016,202605,FGXX|,twhs_fi_government,NON_RECURRING,1868.59,2253.91,2,2
V000016|202605|FIX|,V000016,202605,FIX|,life_annuities,NON_RECURRING,1389.41,0.0,2,2
V000016|202605|FMXX|,V000016,202605,FMXX|,twhs_fi_municipal,NON_RECURRING,4683.82,0.0,2,2
V000016|202605|ITMF|,V000016,202605,ITMF|,trails_life_annuities,RECURRING,3692.6,0.0,2,1
V000016|202605|JPMC|,V000016,202605,JPMC|,managed_accounts,RECURRING,1158.48,0.0,2,2
V000016|202605|LEND|MGN,V000016,202605,LEND|MGN,lending_margin,NON_RECURRING,2001.25,0.0,2,2
V000016|202605|LEND|SBL,V000016,202605,LEND|SBL,lending_sbl,NON_RECURRING,4454.21,0.0,2,2
V000016|202605|MMKT|,V000016,202605,MMKT|,cash_mgmt_mmkt,RECURRING,1520.32,0.0,2,1
V000016|202605|MUFD|,V000016,202605,MUFD|,twhs_mutual_funds,NON_RECURRING,3389.37,0.0,2,1
V000016|202605|OISC|,V000016,202605,OISC|,managed_accounts,RECURRING,3567.69,0.0,2,2
V000016|202605|PRDP|,V000016,202605,PRDP|,cash_mgmt_prdp,RECURRING,2548.85,2491.35,2,2
V000016|202605|UMA|,V000016,202605,UMA|,managed_uma,RECURRING,1390.11,0.0,2,2
V000016|202606|529T|,V000016,202606,529T|,plans_529,RECURRING,686.52,0.0,1,1
V000016|202606|ADVA|,V000016,202606,ADVA|,trails_life_annuities,RECURRING,975.88,0.0,1,1
V000016|202606|ALTI|,V000016,202606,ALTI|,alternative_investments,NON_RECURRING,1014.84,0.0,1,1
V000016|202606|ATMF|,V000016,202606,ATMF|,trails_mutual_funds,RECURRING,1695.55,0.0,1,1
V000016|202606|DAF|,V000016,202606,DAF|,donor_advised_funds,RECURRING,854.07,0.0,1,1
V000016|202606|DCCR|,V000016,202606,DCCR|,defined_contribution_advisory,NON_RECURRING,1035.18,0.0,1,1
V000016|202606|ELIS|EQ,V000016,202606,ELIS|EQ,twhs_equities,NON_RECURRING,1300.25,0.0,1,1
V000016|202606|ELIS|OP,V000016,202606,ELIS|OP,twhs_options,NON_RECURRING,2062.51,0.0,1,1
V000016|202606|FCCD|,V000016,202606,FCCD|,twhs_cash_mgmt_cds,NON_RECURRING,2455.58,0.0,1,1
V000016|202606|FCOT|,V000016,202606,FCOT|,twhs_fi_other,NON_RECURRING,566.09,0.0,1,1
V000016|202606|FCXX|,V000016,202606,FCXX|,twhs_fi_corporate,NON_RECURRING,2129.74,0.0,1,1
V000016|202606|FGXX|,V000016,202606,FGXX|,twhs_fi_government,NON_RECURRING,2522.37,0.0,1,1
V000016|202606|FIX|,V000016,202606,FIX|,life_annuities,NON_RECURRING,593.06,0.0,1,1
V000016|202606|FMXX|,V000016,202606,FMXX|,twhs_fi_municipal,NON_RECURRING,448.73,0.0,1,1
V000016|202606|ITMF|,V000016,202606,ITMF|,trails_life_annuities,RECURRING,1284.21,0.0,1,1
V000016|202606|JPMC|,V000016,202606,JPMC|,managed_accounts,RECURRING,0.0,1818.53,1,1
V000016|202606|LEND|MGN,V000016,202606,LEND|MGN,lending_margin,NON_RECURRING,1538.07,0.0,1,1
V000016|202606|LEND|SBL,V000016,202606,LEND|SBL,lending_sbl,NON_RECURRING,1826.61,0.0,1,1
V000016|202606|MMKT|,V000016,202606,MMKT|,cash_mgmt_mmkt,RECURRING,2105.18,0.0,1,1
V000016|202606|MUFD|,V000016,202606,MUFD|,twhs_mutual_funds,NON_RECURRING,1830.6,0.0,1,1
V000016|202606|OISC|,V000016,202606,OISC|,managed_accounts,RECURRING,1722.21,0.0,1,1
V000016|202606|PRDP|,V000016,202606,PRDP|,cash_mgmt_prdp,RECURRING,2132.69,0.0,1,1
V000016|202606|UMA|,V000016,202606,UMA|,managed_uma,RECURRING,2530.07,0.0,1,1
V000017|202604|529T|,V000017,202604,529T|,plans_529,RECURRING,1949.99,0.0,2,2
V000017|202604|ADVA|,V000017,202604,ADVA|,trails_life_annuities,RECURRING,1694.86,0.0,2,2
V000017|202604|ALTI|,V000017,202604,ALTI|,alternative_investments,NON_RECURRING,844.78,0.0,2,1
V000017|202604|DAF|,V000017,202604,DAF|,donor_advised_funds,RECURRING,1981.48,0.0,2,2
V000017|202604|DCCR|,V000017,202604,DCCR|,defined_contribution_advisory,NON_RECURRING,732.27,392.03,2,2
V000017|202604|ELIS|EQ,V000017,202604,ELIS|EQ,twhs_equities,NON_RECURRING,978.03,0.0,2,2
V000017|202604|FCCD|,V000017,202604,FCCD|,twhs_cash_mgmt_cds,NON_RECURRING,264.62,976.32,2,2
V000017|202604|FCOT|,V000017,202604,FCOT|,twhs_fi_other,NON_RECURRING,1489.15,0.0,2,2
V000017|202604|FIX|,V000017,202604,FIX|,life_annuities,NON_RECURRING,1827.33,0.0,2,2
V000017|202604|FMXX|,V000017,202604,FMXX|,twhs_fi_municipal,NON_RECURRING,514.82,0.0,2,2
V000017|202604|ITMF|,V000017,202604,ITMF|,trails_life_annuities,RECURRING,195.87,859.92,2,2
V000017|202604|MAP|,V000017,202604,MAP|,managed_accounts,RECURRING,1560.54,0.0,2,2
V000017|202604|MUFD|,V000017,202604,MUFD|,twhs_mutual_funds,NON_RECURRING,2153.13,0.0,2,2
V000017|202604|PCS|,V000017,202604,PCS|,referrals_sit_partnership,RECURRING,1726.15,0.0,2,2
V000017|202604|PRDP|,V000017,202604,PRDP|,cash_mgmt_prdp,RECURRING,1400.4,0.0,2,2
V000017|202604|UMA|,V000017,202604,UMA|,managed_uma,RECURRING,1084.72,0.0,2,2
V000017|202604|VARI|,V000017,202604,VARI|,life_annuities,NON_RECURRING,408.83,0.0,2,2
V000017|202605|529T|,V000017,202605,529T|,plans_529,RECURRING,1997.78,0.0,2,2
V000017|202605|ADVA|,V000017,202605,ADVA|,trails_life_annuities,RECURRING,1332.81,0.0,2,2
V000017|202605|ALTI|,V000017,202605,ALTI|,alternative_investments,NON_RECURRING,1010.56,0.0,2,2
V000017|202605|DAF|,V000017,202605,DAF|,donor_advised_funds,RECURRING,1389.39,0.0,2,2
V000017|202605|DCCR|,V000017,202605,DCCR|,defined_contribution_advisory,NON_RECURRING,1711.43,0.0,2,2
V000017|202605|ELIS|EQ,V000017,202605,ELIS|EQ,twhs_equities,NON_RECURRING,2087.79,0.0,2,2
V000017|202605|FCCD|,V000017,202605,FCCD|,twhs_cash_mgmt_cds,NON_RECURRING,423.11,0.0,2,2
V000017|202605|FCOT|,V000017,202605,FCOT|,twhs_fi_other,NON_RECURRING,2314.85,0.0,2,2
V000017|202605|FIX|,V000017,202605,FIX|,life_annuities,NON_RECURRING,1843.41,0.0,2,2
V000017|202605|FMXX|,V000017,202605,FMXX|,twhs_fi_municipal,NON_RECURRING,2062.47,0.0,2,2
V000017|202605|ITMF|,V000017,202605,ITMF|,trails_life_annuities,RECURRING,1282.08,0.0,2,1
V000017|202605|MAP|,V000017,202605,MAP|,managed_accounts,RECURRING,895.35,0.0,2,2
V000017|202605|MUFD|,V000017,202605,MUFD|,twhs_mutual_funds,NON_RECURRING,695.41,0.0,2,2
V000017|202605|PCS|,V000017,202605,PCS|,referrals_sit_partnership,RECURRING,961.25,0.0,2,2
V000017|202605|PRDP|,V000017,202605,PRDP|,cash_mgmt_prdp,RECURRING,1429.95,0.0,2,2
V000017|202605|UMA|,V000017,202605,UMA|,managed_uma,RECURRING,1322.92,0.0,2,1
V000017|202605|VARI|,V000017,202605,VARI|,life_annuities,NON_RECURRING,1097.41,0.0,2,2
V000017|202606|529T|,V000017,202606,529T|,plans_529,RECURRING,667.32,0.0,1,1
V000017|202606|ADVA|,V000017,202606,ADVA|,trails_life_annuities,RECURRING,141.1,0.0,1,1
V000017|202606|ALTI|,V000017,202606,ALTI|,alternative_investments,NON_RECURRING,271.02,0.0,1,1
V000017|202606|DAF|,V000017,202606,DAF|,donor_advised_funds,RECURRING,296.08,0.0,1,1
V000017|202606|DCCR|,V000017,202606,DCCR|,defined_contribution_advisory,NON_RECURRING,0.0,491.16,1,1
V000017|202606|ELIS|EQ,V000017,202606,ELIS|EQ,twhs_equities,NON_RECURRING,522.41,0.0,1,1
V000017|202606|FCCD|,V000017,202606,FCCD|,twhs_cash_mgmt_cds,NON_RECURRING,300.92,0.0,1,1
V000017|202606|FCOT|,V000017,202606,FCOT|,twhs_fi_other,NON_RECURRING,0.0,331.2,1,1
V000017|202606|FIX|,V000017,202606,FIX|,life_annuities,NON_RECURRING,570.83,0.0,1,1
V000017|202606|FMXX|,V000017,202606,FMXX|,twhs_fi_municipal,NON_RECURRING,501.12,0.0,1,1
V000017|202606|ITMF|,V000017,202606,ITMF|,trails_life_annuities,RECURRING,1103.15,0.0,1,1
V000017|202606|MAP|,V000017,202606,MAP|,managed_accounts,RECURRING,444.65,0.0,1,1
V000017|202606|MUFD|,V000017,202606,MUFD|,twhs_mutual_funds,NON_RECURRING,247.5,0.0,1,1
V000017|202606|PCS|,V000017,202606,PCS|,referrals_sit_partnership,RECURRING,144.17,0.0,1,1
V000017|202606|PRDP|,V000017,202606,PRDP|,cash_mgmt_prdp,RECURRING,140.33,0.0,1,1
V000017|202606|UMA|,V000017,202606,UMA|,managed_uma,RECURRING,542.4,0.0,1,1
V000017|202606|VARI|,V000017,202606,VARI|,life_annuities,NON_RECURRING,912.38,0.0,1,1
V000018|202604|529T|,V000018,202604,529T|,plans_529,RECURRING,1421.84,0.0,2,2
V000018|202604|DAF|,V000018,202604,DAF|,donor_advised_funds,RECURRING,402.76,0.0,2,2
V000018|202604|EDK|,V000018,202604,EDK|,referrals_everyday_401k,NON_RECURRING,1328.0,0.0,2,2
V000018|202604|FIX|,V000018,202604,FIX|,life_annuities,NON_RECURRING,1324.6,0.0,2,2
V000018|202604|JPMC|,V000018,202604,JPMC|,managed_accounts,RECURRING,948.01,0.0,2,2
V000018|202604|LIFE|,V000018,202604,LIFE|,life_annuities,NON_RECURRING,1967.92,0.0,2,2
V000018|202604|MAP|,V000018,202604,MAP|,managed_accounts,RECURRING,835.9,0.0,2,2
V000018|202604|MMKT|,V000018,202604,MMKT|,cash_mgmt_mmkt,RECURRING,840.55,0.0,2,2
V000018|202604|OIS1|,V000018,202604,OIS1|,managed_accounts,RECURRING,1322.24,0.0,2,2
V000018|202604|OISC|,V000018,202604,OISC|,managed_accounts,RECURRING,1572.71,0.0,2,2
V000018|202604|PCS|,V000018,202604,PCS|,referrals_sit_partnership,RECURRING,1943.88,0.0,2,2
V000018|202604|PRDP|,V000018,202604,PRDP|,cash_mgmt_prdp,RECURRING,613.92,0.0,2,2
V000018|202604|STRT|,V000018,202604,STRT|,twhs_structured,NON_RECURRING,1354.22,0.0,2,2
V000018|202604|UMA|,V000018,202604,UMA|,managed_uma,RECURRING,1039.49,0.0,2,2
V000018|202604|VARI|,V000018,202604,VARI|,life_annuities,NON_RECURRING,960.2,0.0,2,2
V000018|202605|529T|,V000018,202605,529T|,plans_529,RECURRING,686.11,0.0,2,2
V000018|202605|DAF|,V000018,202605,DAF|,donor_advised_funds,RECURRING,247.1,544.51,2,2
V000018|202605|EDK|,V000018,202605,EDK|,referrals_everyday_401k,NON_RECURRING,1189.06,0.0,2,2
V000018|202605|FIX|,V000018,202605,FIX|,life_annuities,NON_RECURRING,825.46,0.0,2,2
V000018|202605|JPMC|,V000018,202605,JPMC|,managed_accounts,RECURRING,969.11,0.0,2,2
V000018|202605|LIFE|,V000018,202605,LIFE|,life_annuities,NON_RECURRING,438.62,0.0,2,2
V000018|202605|MAP|,V000018,202605,MAP|,managed_accounts,RECURRING,806.05,0.0,2,2
V000018|202605|MMKT|,V000018,202605,MMKT|,cash_mgmt_mmkt,RECURRING,1513.31,0.0,2,2
V000018|202605|OIS1|,V000018,202605,OIS1|,managed_accounts,RECURRING,1148.87,323.02,2,2
V000018|202605|OISC|,V000018,202605,OISC|,managed_accounts,RECURRING,464.75,774.01,2,2
V000018|202605|PCS|,V000018,202605,PCS|,referrals_sit_partnership,RECURRING,990.05,0.0,2,2
V000018|202605|PRDP|,V000018,202605,PRDP|,cash_mgmt_prdp,RECURRING,1150.77,0.0,2,2
V000018|202605|STRT|,V000018,202605,STRT|,twhs_structured,NON_RECURRING,405.76,988.56,2,2
V000018|202605|UMA|,V000018,202605,UMA|,managed_uma,RECURRING,2202.87,0.0,2,2
V000018|202605|VARI|,V000018,202605,VARI|,life_annuities,NON_RECURRING,1130.92,0.0,2,2
V000018|202606|529T|,V000018,202606,529T|,plans_529,RECURRING,646.5,0.0,1,1
V000018|202606|DAF|,V000018,202606,DAF|,donor_advised_funds,RECURRING,278.06,0.0,1,1
V000018|202606|EDK|,V000018,202606,EDK|,referrals_everyday_401k,NON_RECURRING,1126.13,0.0,1,1
V000018|202606|FIX|,V000018,202606,FIX|,life_annuities,NON_RECURRING,985.15,0.0,1,1
V000018|202606|JPMC|,V000018,202606,JPMC|,managed_accounts,RECURRING,781.62,0.0,1,1
V000018|202606|LIFE|,V000018,202606,LIFE|,life_annuities,NON_RECURRING,0.0,378.42,1,1
V000018|202606|MAP|,V000018,202606,MAP|,managed_accounts,RECURRING,819.89,0.0,1,1
V000018|202606|MMKT|,V000018,202606,MMKT|,cash_mgmt_mmkt,RECURRING,287.95,0.0,1,1
V000018|202606|OIS1|,V000018,202606,OIS1|,managed_accounts,RECURRING,481.56,0.0,1,1
V000018|202606|OISC|,V000018,202606,OISC|,managed_accounts,RECURRING,1061.93,0.0,1,1
V000018|202606|PCS|,V000018,202606,PCS|,referrals_sit_partnership,RECURRING,469.36,0.0,1,1
V000018|202606|PRDP|,V000018,202606,PRDP|,cash_mgmt_prdp,RECURRING,733.07,0.0,1,1
V000018|202606|STRT|,V000018,202606,STRT|,twhs_structured,NON_RECURRING,703.57,0.0,1,1
V000018|202606|UMA|,V000018,202606,UMA|,managed_uma,RECURRING,1026.87,0.0,1,1
V000018|202606|VARI|,V000018,202606,VARI|,life_annuities,NON_RECURRING,733.1,0.0,1,1
V000019|202604|ADVA|,V000019,202604,ADVA|,trails_life_annuities,RECURRING,860.95,1035.94,2,2
V000019|202604|DAF|,V000019,202604,DAF|,donor_advised_funds,RECURRING,811.09,0.0,2,2
V000019|202604|EDK|,V000019,202604,EDK|,referrals_everyday_401k,NON_RECURRING,1761.33,0.0,2,2
V000019|202604|ELIS|EQ,V000019,202604,ELIS|EQ,twhs_equities,NON_RECURRING,1796.62,0.0,2,2
V000019|202604|ELIS|OP,V000019,202604,ELIS|OP,twhs_options,NON_RECURRING,1781.88,0.0,2,2
V000019|202604|FCCD|,V000019,202604,FCCD|,twhs_cash_mgmt_cds,NON_RECURRING,1805.62,0.0,2,2
V000019|202604|FCOT|,V000019,202604,FCOT|,twhs_fi_other,NON_RECURRING,2270.23,0.0,2,2
V000019|202604|FCXX|,V000019,202604,FCXX|,twhs_fi_corporate,NON_RECURRING,670.13,0.0,2,2
V000019|202604|FGXX|,V000019,202604,FGXX|,twhs_fi_government,NON_RECURRING,642.04,0.0,2,2
V000019|202604|FIX|,V000019,202604,FIX|,life_annuities,NON_RECURRING,1352.23,0.0,2,2
V000019|202604|FMXX|,V000019,202604,FMXX|,twhs_fi_municipal,NON_RECURRING,146.36,795.73,2,2
V000019|202604|JPMC|,V000019,202604,JPMC|,managed_accounts,RECURRING,893.74,991.8,2,2
V000019|202604|MUFD|,V000019,202604,MUFD|,twhs_mutual_funds,NON_RECURRING,1777.0,0.0,2,2
V000019|202604|OISC|,V000019,202604,OISC|,managed_accounts,RECURRING,1297.65,0.0,2,2
V000019|202604|PCS|,V000019,202604,PCS|,referrals_sit_partnership,RECURRING,835.97,0.0,2,2
V000019|202604|STRT|,V000019,202604,STRT|,twhs_structured,NON_RECURRING,1751.12,0.0,2,2
V000019|202605|ADVA|,V000019,202605,ADVA|,trails_life_annuities,RECURRING,1340.79,0.0,2,2
V000019|202605|DAF|,V000019,202605,DAF|,donor_advised_funds,RECURRING,2281.77,0.0,2,1
V000019|202605|EDK|,V000019,202605,EDK|,referrals_everyday_401k,NON_RECURRING,2186.5,0.0,2,2
V000019|202605|ELIS|EQ,V000019,202605,ELIS|EQ,twhs_equities,NON_RECURRING,2107.91,0.0,2,2
V000019|202605|ELIS|OP,V000019,202605,ELIS|OP,twhs_options,NON_RECURRING,971.62,0.0,2,2
V000019|202605|FCCD|,V000019,202605,FCCD|,twhs_cash_mgmt_cds,NON_RECURRING,1914.67,0.0,2,2
V000019|202605|FCOT|,V000019,202605,FCOT|,twhs_fi_other,NON_RECURRING,1612.3,0.0,2,2
V000019|202605|FCXX|,V000019,202605,FCXX|,twhs_fi_corporate,NON_RECURRING,180.73,482.72,2,2
V000019|202605|FGXX|,V000019,202605,FGXX|,twhs_fi_government,NON_RECURRING,802.22,0.0,2,2
V000019|202605|FIX|,V000019,202605,FIX|,life_annuities,NON_RECURRING,1900.23,0.0,2,2
V000019|202605|FMXX|,V000019,202605,FMXX|,twhs_fi_municipal,NON_RECURRING,1616.77,0.0,2,1
V000019|202605|JPMC|,V000019,202605,JPMC|,managed_accounts,RECURRING,240.54,244.07,2,1
V000019|202605|MUFD|,V000019,202605,MUFD|,twhs_mutual_funds,NON_RECURRING,937.35,0.0,2,2
V000019|202605|OISC|,V000019,202605,OISC|,managed_accounts,RECURRING,2264.39,0.0,2,2
V000019|202605|PCS|,V000019,202605,PCS|,referrals_sit_partnership,RECURRING,1018.47,0.0,2,1
V000019|202605|STRT|,V000019,202605,STRT|,twhs_structured,NON_RECURRING,1354.82,0.0,2,2
V000019|202606|ADVA|,V000019,202606,ADVA|,trails_life_annuities,RECURRING,1120.71,0.0,1,1
V000019|202606|DAF|,V000019,202606,DAF|,donor_advised_funds,RECURRING,806.62,0.0,1,1
V000019|202606|EDK|,V000019,202606,EDK|,referrals_everyday_401k,NON_RECURRING,411.98,0.0,1,1
V000019|202606|ELIS|EQ,V000019,202606,ELIS|EQ,twhs_equities,NON_RECURRING,609.88,0.0,1,1
V000019|202606|ELIS|OP,V000019,202606,ELIS|OP,twhs_options,NON_RECURRING,696.76,0.0,1,1
V000019|202606|FCCD|,V000019,202606,FCCD|,twhs_cash_mgmt_cds,NON_RECURRING,1118.82,0.0,1,1
V000019|202606|FCOT|,V000019,202606,FCOT|,twhs_fi_other,NON_RECURRING,939.07,0.0,1,1
V000019|202606|FCXX|,V000019,202606,FCXX|,twhs_fi_corporate,NON_RECURRING,0.0,227.78,1,1
V000019|202606|FGXX|,V000019,202606,FGXX|,twhs_fi_government,NON_RECURRING,969.08,0.0,1,1
V000019|202606|FIX|,V000019,202606,FIX|,life_annuities,NON_RECURRING,142.87,0.0,1,1
V000019|202606|FMXX|,V000019,202606,FMXX|,twhs_fi_municipal,NON_RECURRING,1094.68,0.0,1,1
V000019|202606|JPMC|,V000019,202606,JPMC|,managed_accounts,RECURRING,936.49,0.0,1,1
V000019|202606|MUFD|,V000019,202606,MUFD|,twhs_mutual_funds,NON_RECURRING,861.67,0.0,1,1
V000019|202606|OISC|,V000019,202606,OISC|,managed_accounts,RECURRING,235.86,0.0,1,1
V000019|202606|PCS|,V000019,202606,PCS|,referrals_sit_partnership,RECURRING,0.0,977.26,1,1
V000019|202606|STRT|,V000019,202606,STRT|,twhs_structured,NON_RECURRING,992.17,0.0,1,1
V000020|202604|529T|,V000020,202604,529T|,plans_529,RECURRING,928.34,0.0,2,1
V000020|202604|ADVA|,V000020,202604,ADVA|,trails_life_annuities,RECURRING,887.35,0.0,2,2
V000020|202604|ALTI|,V000020,202604,ALTI|,alternative_investments,NON_RECURRING,1585.18,0.0,2,2
V000020|202604|ATMF|,V000020,202604,ATMF|,trails_mutual_funds,RECURRING,1184.79,0.0,2,2
V000020|202604|ELIS|EQ,V000020,202604,ELIS|EQ,twhs_equities,NON_RECURRING,256.31,321.1,2,2
V000020|202604|FCCD|,V000020,202604,FCCD|,twhs_cash_mgmt_cds,NON_RECURRING,1924.21,0.0,2,1
V000020|202604|FCOT|,V000020,202604,FCOT|,twhs_fi_other,NON_RECURRING,411.96,1065.02,2,2
V000020|202604|FMXX|,V000020,202604,FMXX|,twhs_fi_municipal,NON_RECURRING,0.0,921.58,2,1
V000020|202604|JPMC|,V000020,202604,JPMC|,managed_accounts,RECURRING,433.04,0.0,2,2
V000020|202604|LEND|MGN,V000020,202604,LEND|MGN,lending_margin,NON_RECURRING,1131.58,0.0,2,2
V000020|202604|LEND|SBL,V000020,202604,LEND|SBL,lending_sbl,NON_RECURRING,2030.37,0.0,2,2
V000020|202604|MAP|,V000020,202604,MAP|,managed_accounts,RECURRING,1624.38,0.0,2,2
V000020|202604|MMKT|,V000020,202604,MMKT|,cash_mgmt_mmkt,RECURRING,935.91,0.0,2,2
V000020|202604|PCS|,V000020,202604,PCS|,referrals_sit_partnership,RECURRING,1451.87,0.0,2,2
V000020|202604|PRDP|,V000020,202604,PRDP|,cash_mgmt_prdp,RECURRING,1387.98,0.0,2,2
V000020|202604|STRT|,V000020,202604,STRT|,twhs_structured,NON_RECURRING,846.39,643.22,2,2
V000020|202604|UMA|,V000020,202604,UMA|,managed_uma,RECURRING,1516.61,0.0,2,2
V000020|202605|529T|,V000020,202605,529T|,plans_529,RECURRING,1838.51,0.0,2,2
V000020|202605|ADVA|,V000020,202605,ADVA|,trails_life_annuities,RECURRING,590.96,351.99,2,2
V000020|202605|ALTI|,V000020,202605,ALTI|,alternative_investments,NON_RECURRING,861.44,0.0,2,2
V000020|202605|ATMF|,V000020,202605,ATMF|,trails_mutual_funds,RECURRING,1345.95,0.0,2,2
V000020|202605|ELIS|EQ,V000020,202605,ELIS|EQ,twhs_equities,NON_RECURRING,1331.52,0.0,2,2
V000020|202605|FCCD|,V000020,202605,FCCD|,twhs_cash_mgmt_cds,NON_RECURRING,1119.66,0.0,2,2
V000020|202605|FCOT|,V000020,202605,FCOT|,twhs_fi_other,NON_RECURRING,1580.76,0.0,2,2
V000020|202605|FMXX|,V000020,202605,FMXX|,twhs_fi_municipal,NON_RECURRING,1620.97,0.0,2,1
V000020|202605|JPMC|,V000020,202605,JPMC|,managed_accounts,RECURRING,1145.12,0.0,2,2
V000020|202605|LEND|MGN,V000020,202605,LEND|MGN,lending_margin,NON_RECURRING,1322.31,0.0,2,2
V000020|202605|LEND|SBL,V000020,202605,LEND|SBL,lending_sbl,NON_RECURRING,1317.63,0.0,2,1
V000020|202605|MAP|,V000020,202605,MAP|,managed_accounts,RECURRING,1497.71,0.0,2,1
V000020|202605|MMKT|,V000020,202605,MMKT|,cash_mgmt_mmkt,RECURRING,1602.24,0.0,2,2
V000020|202605|PCS|,V000020,202605,PCS|,referrals_sit_partnership,RECURRING,1975.78,0.0,2,2
V000020|202605|PRDP|,V000020,202605,PRDP|,cash_mgmt_prdp,RECURRING,461.75,0.0,2,2
V000020|202605|STRT|,V000020,202605,STRT|,twhs_structured,NON_RECURRING,322.04,190.97,2,1
V000020|202605|UMA|,V000020,202605,UMA|,managed_uma,RECURRING,579.4,0.0,2,2
V000020|202606|529T|,V000020,202606,529T|,plans_529,RECURRING,763.71,0.0,1,1
V000020|202606|ADVA|,V000020,202606,ADVA|,trails_life_annuities,RECURRING,222.01,0.0,1,1
V000020|202606|ALTI|,V000020,202606,ALTI|,alternative_investments,NON_RECURRING,0.0,433.06,1,1
V000020|202606|ATMF|,V000020,202606,ATMF|,trails_mutual_funds,RECURRING,820.05,0.0,1,1
V000020|202606|ELIS|EQ,V000020,202606,ELIS|EQ,twhs_equities,NON_RECURRING,410.49,0.0,1,1
V000020|202606|FCCD|,V000020,202606,FCCD|,twhs_cash_mgmt_cds,NON_RECURRING,347.91,0.0,1,1
V000020|202606|FCOT|,V000020,202606,FCOT|,twhs_fi_other,NON_RECURRING,239.85,0.0,1,1
V000020|202606|FMXX|,V000020,202606,FMXX|,twhs_fi_municipal,NON_RECURRING,1048.49,0.0,1,1
V000020|202606|JPMC|,V000020,202606,JPMC|,managed_accounts,RECURRING,422.56,0.0,1,1
V000020|202606|LEND|MGN,V000020,202606,LEND|MGN,lending_margin,NON_RECURRING,461.14,0.0,1,1
V000020|202606|LEND|SBL,V000020,202606,LEND|SBL,lending_sbl,NON_RECURRING,899.96,0.0,1,1
V000020|202606|MAP|,V000020,202606,MAP|,managed_accounts,RECURRING,287.44,0.0,1,1
V000020|202606|MMKT|,V000020,202606,MMKT|,cash_mgmt_mmkt,RECURRING,580.93,0.0,1,1
V000020|202606|PCS|,V000020,202606,PCS|,referrals_sit_partnership,RECURRING,439.3,0.0,1,1
V000020|202606|PRDP|,V000020,202606,PRDP|,cash_mgmt_prdp,RECURRING,236.24,0.0,1,1
V000020|202606|STRT|,V000020,202606,STRT|,twhs_structured,NON_RECURRING,1127.54,0.0,1,1
V000020|202606|UMA|,V000020,202606,UMA|,managed_uma,RECURRING,152.17,0.0,1,1
