nnm_id,advisor_sid,month_id,category,category_source,mtd_nnm,ytd_nnm,entry_dt,as_of_dt
V000001|202601|EC,V000001,202601,EC,ECNNM,1188949.91,1188949.91,2026-01-01 00:00:00,2026-06-30 00:00:00
V000001|202602|EC,V000001,202602,EC,ECNNM,-455190.04,733759.87,2026-02-01 00:00:00,2026-06-30 00:00:00
V000001|202603|EC,V000001,202603,EC,ECNNM,246324.05,980083.92,2026-03-01 00:00:00,2026-06-30 00:00:00
V000001|202604|EC,V000001,202604,EC,ECNNM,1258539.66,2238623.58,2026-04-01 00:00:00,2026-06-30 00:00:00
V000001|202605|EC,V000001,202605,EC,ECNNM,268783.66,2507407.24,2026-05-01 00:00:00,2026-06-30 00:00:00
V000001|202606|EC,V000001,202606,EC,ECNNM,1186381.75,3693788.99,2026-06-01 00:00:00,2026-06-30 00:00:00
V000002|202601|EC,V000002,202601,EC,ECNNM,983051.74,983051.74,2026-01-01 00:00:00,2026-06-30 00:00:00
V000002|202602|EC,V000002,202602,EC,ECNNM,1162374.09,2145425.83,2026-02-01 00:00:00,2026-06-30 00:00:00
V000002|202603|EC,V000002,202603,EC,ECNNM,2709493.15,4854918.98,2026-03-01 00:00:00,2026-06-30 00:00:00
V000002|202604|EC,V000002,202604,EC,ECNNM,1128199.01,5983117.99,2026-04-01 00:00:00,2026-06-30 00:00:00
V000002|202605|EC,V000002,202605,EC,ECNNM,725651.66,6708769.65,2026-05-01 00:00:00,2026-06-30 00:00:00
V000002|202606|EC,V000002,202606,EC,ECNNM,0.00,6708769.65,2026-06-01 00:00:00,2026-06-30 00:00:00
V000003|202601|EC,V000003,202601,EC,ECNNM,390289.35,390289.35,2026-01-01 00:00:00,2026-06-30 00:00:00
V000003|202602|EC,V000003,202602,EC,ECNNM,423279.79,813569.14,2026-02-01 00:00:00,2026-06-30 00:00:00
V000003|202603|EC,V000003,202603,EC,ECNNM,567526.71,1381095.85,2026-03-01 00:00:00,2026-06-30 00:00:00
V000003|202604|EC,V000003,202604,EC,ECNNM,88538.23,1469634.08,2026-04-01 00:00:00,2026-06-30 00:00:00
V000003|202605|EC,V000003,202605,EC,ECNNM,-400592.50,1069041.58,2026-05-01 00:00:00,2026-06-30 00:00:00
V000003|202606|EC,V000003,202606,EC,ECNNM,563047.61,1632089.19,2026-06-01 00:00:00,2026-06-30 00:00:00
V000004|202601|EC,V000004,202601,EC,ECNNM,3290648.89,3290648.89,2026-01-01 00:00:00,2026-06-30 00:00:00
V000004|202602|EC,V000004,202602,EC,ECNNM,2081205.25,5371854.14,2026-02-01 00:00:00,2026-06-30 00:00:00
V000004|202603|EC,V000004,202603,EC,ECNNM,1219340.35,6591194.49,2026-03-01 00:00:00,2026-06-30 00:00:00
V000004|202604|EC,V000004,202604,EC,ECNNM,2119753.48,8710947.97,2026-04-01 00:00:00,2026-06-30 00:00:00
V000004|202605|EC,V000004,202605,EC,ECNNM,438629.73,9149577.70,2026-05-01 00:00:00,2026-06-30 00:00:00
V000004|202606|EC,V000004,202606,EC,ECNNM,1920541.79,11070119.49,2026-06-01 00:00:00,2026-06-30 00:00:00
V000005|202601|EC,V000005,202601,EC,ECNNM,894198.50,894198.50,2026-01-01 00:00:00,2026-06-30 00:00:00
V000005|202602|EC,V000005,202602,EC,ECNNM,919851.28,1814049.78,2026-02-01 00:00:00,2026-06-30 00:00:00
V000005|202603|EC,V000005,202603,EC,ECNNM,1139685.04,2953734.82,2026-03-01 00:00:00,2026-06-30 00:00:00
V000005|202604|EC,V000005,202604,EC,ECNNM,734089.51,3687824.33,2026-04-01 00:00:00,2026-06-30 00:00:00
V000005|202605|EC,V000005,202605,EC,ECNNM,1763311.72,5451136.05,2026-05-01 00:00:00,2026-06-30 00:00:00
V000005|202606|EC,V000005,202606,EC,ECNNM,1803974.67,7255110.72,2026-06-01 00:00:00,2026-06-30 00:00:00
V000006|202601|EC,V000006,202601,EC,ECNNM,1219363.82,1219363.82,2026-01-01 00:00:00,2026-06-30 00:00:00
V000006|202602|EC,V000006,202602,EC,ECNNM,315923.76,1535287.58,2026-02-01 00:00:00,2026-06-30 00:00:00
V000006|202603|EC,V000006,202603,EC,ECNNM,957943.30,2493230.88,2026-03-01 00:00:00,2026-06-30 00:00:00
V000006|202604|EC,V000006,202604,EC,ECNNM,1215866.08,3709096.96,2026-04-01 00:00:00,2026-06-30 00:00:00
V000006|202605|EC,V000006,202605,EC,ECNNM,1943898.38,5652995.34,2026-05-01 00:00:00,2026-06-30 00:00:00
V000006|202606|EC,V000006,202606,EC,ECNNM,847129.45,6500124.79,2026-06-01 00:00:00,2026-06-30 00:00:00
V000007|202601|EC,V000007,202601,EC,ECNNM,2372635.85,2372635.85,2026-01-01 00:00:00,2026-06-30 00:00:00
V000007|202602|EC,V000007,202602,EC,ECNNM,2885985.66,5258621.51,2026-02-01 00:00:00,2026-06-30 00:00:00
V000007|202603|EC,V000007,202603,EC,ECNNM,0.00,5258621.51,2026-03-01 00:00:00,2026-06-30 00:00:00
V000007|202604|EC,V000007,202604,EC,ECNNM,1680280.33,6938901.84,2026-04-01 00:00:00,2026-06-30 00:00:00
V000007|202605|EC,V000007,202605,EC,ECNNM,-615979.69,6322922.15,2026-05-01 00:00:00,2026-06-30 00:00:00
V000007|202606|EC,V000007,202606,EC,ECNNM,1085480.15,7408402.30,2026-06-01 00:00:00,2026-06-30 00:00:00
V000008|202601|EC,V000008,202601,EC,ECNNM,1220107.58,1220107.58,2026-01-01 00:00:00,2026-06-30 00:00:00
V000008|202602|EC,V000008,202602,EC,ECNNM,1346722.28,2566829.86,2026-02-01 00:00:00,2026-06-30 00:00:00
V000008|202603|EC,V000008,202603,EC,ECNNM,1617503.73,4184333.59,2026-03-01 00:00:00,2026-06-30 00:00:00
V000008|202604|EC,V000008,202604,EC,ECNNM,389593.62,4573927.21,2026-04-01 00:00:00,2026-06-30 00:00:00
V000008|202605|EC,V000008,202605,EC,ECNNM,241926.11,4815853.32,2026-05-01 00:00:00,2026-06-30 00:00:00
V000008|202606|EC,V000008,202606,EC,ECNNM,650425.85,5466279.17,2026-06-01 00:00:00,2026-06-30 00:00:00
V000009|202601|EC,V000009,202601,EC,ECNNM,1146800.99,1146800.99,2026-01-01 00:00:00,2026-06-30 00:00:00
V000009|202602|EC,V000009,202602,EC,ECNNM,1215665.16,2362466.15,2026-02-01 00:00:00,2026-06-30 00:00:00
V000009|202603|EC,V000009,202603,EC,ECNNM,-1107671.79,1254794.36,2026-03-01 00:00:00,2026-06-30 00:00:00
V000009|202604|EC,V000009,202604,EC,ECNNM,252276.59,1507070.95,2026-04-01 00:00:00,2026-06-30 00:00:00
V000009|202605|EC,V000009,202605,EC,ECNNM,208336.01,1715406.96,2026-05-01 00:00:00,2026-06-30 00:00:00
V000009|202606|EC,V000009,202606,EC,ECNNM,1082283.32,2797690.28,2026-06-01 00:00:00,2026-06-30 00:00:00
V000010|202601|EC,V000010,202601,EC,ECNNM,894772.82,894772.82,2026-01-01 00:00:00,2026-06-30 00:00:00
V000010|202602|EC,V000010,202602,EC,ECNNM,1493997.86,2388770.68,2026-02-01 00:00:00,2026-06-30 00:00:00
V000010|202603|EC,V000010,202603,EC,ECNNM,-1597111.65,791659.03,2026-03-01 00:00:00,2026-06-30 00:00:00
V000010|202604|EC,V000010,202604,EC,ECNNM,1305729.99,2097389.02,2026-04-01 00:00:00,2026-06-30 00:00:00
V000010|202605|EC,V000010,202605,EC,ECNNM,1686149.60,3783538.62,2026-05-01 00:00:00,2026-06-30 00:00:00
V000010|202606|EC,V000010,202606,EC,ECNNM,745498.73,4529037.35,2026-06-01 00:00:00,2026-06-30 00:00:00
V000011|202601|EC,V000011,202601,EC,ECNNM,1194001.48,1194001.48,2026-01-01 00:00:00,2026-06-30 00:00:00
V000011|202602|EC,V000011,202602,EC,ECNNM,2642221.78,3836223.26,2026-02-01 00:00:00,2026-06-30 00:00:00
V000011|202603|EC,V000011,202603,EC,ECNNM,1388883.31,5225106.57,2026-03-01 00:00:00,2026-06-30 00:00:00
V000011|202604|EC,V000011,202604,EC,ECNNM,1515621.69,6740728.26,2026-04-01 00:00:00,2026-06-30 00:00:00
V000011|202605|EC,V000011,202605,EC,ECNNM,2511532.20,9252260.46,2026-05-01 00:00:00,2026-06-30 00:00:00
V000011|202606|EC,V000011,202606,EC,ECNNM,3188009.50,12440269.96,2026-06-01 00:00:00,2026-06-30 00:00:00
V000012|202601|EC,V000012,202601,EC,ECNNM,286112.94,286112.94,2026-01-01 00:00:00,2026-06-30 00:00:00
V000012|202602|EC,V000012,202602,EC,ECNNM,139645.12,425758.06,2026-02-01 00:00:00,2026-06-30 00:00:00
V000012|202603|EC,V000012,202603,EC,ECNNM,-835203.83,-409445.77,2026-03-01 00:00:00,2026-06-30 00:00:00
V000012|202604|EC,V000012,202604,EC,ECNNM,394999.06,-14446.71,2026-04-01 00:00:00,2026-06-30 00:00:00
V000012|202605|EC,V000012,202605,EC,ECNNM,0.00,-14446.71,2026-05-01 00:00:00,2026-06-30 00:00:00
V000012|202606|EC,V000012,202606,EC,ECNNM,846920.76,832474.05,2026-06-01 00:00:00,2026-06-30 00:00:00
V000013|202601|EC,V000013,202601,EC,ECNNM,1731970.35,1731970.35,2026-01-01 00:00:00,2026-06-30 00:00:00
V000013|202602|EC,V000013,202602,EC,ECNNM,1667721.61,3399691.96,2026-02-01 00:00:00,2026-06-30 00:00:00
V000013|202603|EC,V000013,202603,EC,ECNNM,1436716.60,4836408.56,2026-03-01 00:00:00,2026-06-30 00:00:00
V000013|202604|EC,V000013,202604,EC,ECNNM,530707.38,5367115.94,2026-04-01 00:00:00,2026-06-30 00:00:00
V000013|202605|EC,V000013,202605,EC,ECNNM,511620.34,5878736.28,2026-05-01 00:00:00,2026-06-30 00:00:00
V000013|202606|EC,V000013,202606,EC,ECNNM,-801164.08,5077572.20,2026-06-01 00:00:00,2026-06-30 00:00:00
V000014|202601|EC,V000014,202601,EC,ECNNM,899670.18,899670.18,2026-01-01 00:00:00,2026-06-30 00:00:00
V000014|202602|EC,V000014,202602,EC,ECNNM,1062076.88,1961747.06,2026-02-01 00:00:00,2026-06-30 00:00:00
V000014|202603|EC,V000014,202603,EC,ECNNM,278965.73,2240712.79,2026-03-01 00:00:00,2026-06-30 00:00:00
V000014|202604|EC,V000014,202604,EC,ECNNM,1080605.04,3321317.83,2026-04-01 00:00:00,2026-06-30 00:00:00
V000014|202605|EC,V000014,202605,EC,ECNNM,720060.61,4041378.44,2026-05-01 00:00:00,2026-06-30 00:00:00
V000014|202606|EC,V000014,202606,EC,ECNNM,1110971.38,5152349.82,2026-06-01 00:00:00,2026-06-30 00:00:00
V000015|202601|EC,V000015,202601,EC,ECNNM,1084736.10,1084736.10,2026-01-01 00:00:00,2026-06-30 00:00:00
V000015|202602|EC,V000015,202602,EC,ECNNM,765430.66,1850166.76,2026-02-01 00:00:00,2026-06-30 00:00:00
V000015|202603|EC,V000015,202603,EC,ECNNM,-2918125.73,-1067958.97,2026-03-01 00:00:00,2026-06-30 00:00:00
V000015|202604|EC,V000015,202604,EC,ECNNM,-687470.95,-1755429.92,2026-04-01 00:00:00,2026-06-30 00:00:00
V000015|202605|EC,V000015,202605,EC,ECNNM,1349042.08,-406387.84,2026-05-01 00:00:00,2026-06-30 00:00:00
V000015|202606|EC,V000015,202606,EC,ECNNM,-2921769.64,-3328157.48,2026-06-01 00:00:00,2026-06-30 00:00:00
V000016|202601|EC,V000016,202601,EC,ECNNM,-58224.43,-58224.43,2026-01-01 00:00:00,2026-06-30 00:00:00
V000016|202602|EC,V000016,202602,EC,ECNNM,-63517.70,-121742.13,2026-02-01 00:00:00,2026-06-30 00:00:00
V000016|202603|EC,V000016,202603,EC,ECNNM,-273524.79,-395266.92,2026-03-01 00:00:00,2026-06-30 00:00:00
V000016|202604|EC,V000016,202604,EC,ECNNM,-240566.95,-635833.87,2026-04-01 00:00:00,2026-06-30 00:00:00
V000016|202605|EC,V000016,202605,EC,ECNNM,-353592.40,-989426.27,2026-05-01 00:00:00,2026-06-30 00:00:00
V000016|202606|EC,V000016,202606,EC,ECNNM,-339103.05,-1328529.32,2026-06-01 00:00:00,2026-06-30 00:00:00
V000017|202601|EC,V000017,202601,EC,ECNNM,-104443.31,-104443.31,2026-01-01 00:00:00,2026-06-30 00:00:00
V000017|202602|EC,V000017,202602,EC,ECNNM,-205489.91,-309933.22,2026-02-01 00:00:00,2026-06-30 00:00:00
V000017|202603|EC,V000017,202603,EC,ECNNM,-72815.43,-382748.65,2026-03-01 00:00:00,2026-06-30 00:00:00
V000017|202604|EC,V000017,202604,EC,ECNNM,-114433.01,-497181.66,2026-04-01 00:00:00,2026-06-30 00:00:00
V000017|202605|EC,V000017,202605,EC,ECNNM,-294120.34,-791302.00,2026-05-01 00:00:00,2026-06-30 00:00:00
V000017|202606|EC,V000017,202606,EC,ECNNM,-328314.90,-1119616.90,2026-06-01 00:00:00,2026-06-30 00:00:00
V000018|202601|EC,V000018,202601,EC,ECNNM,952271.70,952271.70,2026-01-01 00:00:00,2026-06-30 00:00:00
V000018|202602|EC,V000018,202602,EC,ECNNM,-926804.48,25467.22,2026-02-01 00:00:00,2026-06-30 00:00:00
V000018|202603|EC,V000018,202603,EC,ECNNM,249537.80,275005.02,2026-03-01 00:00:00,2026-06-30 00:00:00
V000018|202604|EC,V000018,202604,EC,ECNNM,1700416.87,1975421.89,2026-04-01 00:00:00,2026-06-30 00:00:00
V000018|202605|EC,V000018,202605,EC,ECNNM,695128.65,2670550.54,2026-05-01 00:00:00,2026-06-30 00:00:00
V000018|202606|EC,V000018,202606,EC,ECNNM,596212.19,3266762.73,2026-06-01 00:00:00,2026-06-30 00:00:00
V000019|202601|EC,V000019,202601,EC,ECNNM,242117.05,242117.05,2026-01-01 00:00:00,2026-06-30 00:00:00
V000019|202602|EC,V000019,202602,EC,ECNNM,807017.38,1049134.43,2026-02-01 00:00:00,2026-06-30 00:00:00
V000019|202603|EC,V000019,202603,EC,ECNNM,376665.98,1425800.41,2026-03-01 00:00:00,2026-06-30 00:00:00
V000019|202604|EC,V000019,202604,EC,ECNNM,0.00,1425800.41,2026-04-01 00:00:00,2026-06-30 00:00:00
V000019|202605|EC,V000019,202605,EC,ECNNM,-454693.24,971107.17,2026-05-01 00:00:00,2026-06-30 00:00:00
V000019|202606|EC,V000019,202606,EC,ECNNM,752564.00,1723671.17,2026-06-01 00:00:00,2026-06-30 00:00:00
V000020|202601|EC,V000020,202601,EC,ECNNM,936007.75,936007.75,2026-01-01 00:00:00,2026-06-30 00:00:00
V000020|202602|EC,V000020,202602,EC,ECNNM,1671162.01,2607169.76,2026-02-01 00:00:00,2026-06-30 00:00:00
V000020|202603|EC,V000020,202603,EC,ECNNM,1626403.70,4233573.46,2026-03-01 00:00:00,2026-06-30 00:00:00
V000020|202604|EC,V000020,202604,EC,ECNNM,1056502.35,5290075.81,2026-04-01 00:00:00,2026-06-30 00:00:00
V000020|202605|EC,V000020,202605,EC,ECNNM,1660175.06,6950250.87,2026-05-01 00:00:00,2026-06-30 00:00:00
V000020|202606|EC,V000020,202606,EC,ECNNM,-374136.32,6576114.55,2026-06-01 00:00:00,2026-06-30 00:00:00
V000001|202601|FS,V000001,202601,FS,FSNNM,167606.02,167606.02,2026-01-01 00:00:00,2026-06-30 00:00:00
V000001|202602|FS,V000001,202602,FS,FSNNM,99571.68,267177.70,2026-02-01 00:00:00,2026-06-30 00:00:00
V000001|202603|FS,V000001,202603,FS,FSNNM,0.00,267177.70,2026-03-01 00:00:00,2026-06-30 00:00:00
V000001|202604|FS,V000001,202604,FS,FSNNM,153979.92,421157.62,2026-04-01 00:00:00,2026-06-30 00:00:00
V000001|202605|FS,V000001,202605,FS,FSNNM,174689.78,595847.40,2026-05-01 00:00:00,2026-06-30 00:00:00
V000001|202606|FS,V000001,202606,FS,FSNNM,51860.46,647707.86,2026-06-01 00:00:00,2026-06-30 00:00:00
V000002|202601|FS,V000002,202601,FS,FSNNM,651202.86,651202.86,2026-01-01 00:00:00,2026-06-30 00:00:00
V000002|202602|FS,V000002,202602,FS,FSNNM,301801.97,953004.83,2026-02-01 00:00:00,2026-06-30 00:00:00
V000002|202603|FS,V000002,202603,FS,FSNNM,366701.85,1319706.68,2026-03-01 00:00:00,2026-06-30 00:00:00
V000002|202604|FS,V000002,202604,FS,FSNNM,414200.50,1733907.18,2026-04-01 00:00:00,2026-06-30 00:00:00
V000002|202605|FS,V000002,202605,FS,FSNNM,0.00,1733907.18,2026-05-01 00:00:00,2026-06-30 00:00:00
V000002|202606|FS,V000002,202606,FS,FSNNM,197353.09,1931260.27,2026-06-01 00:00:00,2026-06-30 00:00:00
V000003|202601|FS,V000003,202601,FS,FSNNM,108924.25,108924.25,2026-01-01 00:00:00,2026-06-30 00:00:00
V000003|202602|FS,V000003,202602,FS,FSNNM,352879.94,461804.19,2026-02-01 00:00:00,2026-06-30 00:00:00
V000003|202603|FS,V000003,202603,FS,FSNNM,196812.78,658616.97,2026-03-01 00:00:00,2026-06-30 00:00:00
V000003|202604|FS,V000003,202604,FS,FSNNM,268629.25,927246.22,2026-04-01 00:00:00,2026-06-30 00:00:00
V000003|202605|FS,V000003,202605,FS,FSNNM,273066.56,1200312.78,2026-05-01 00:00:00,2026-06-30 00:00:00
V000003|202606|FS,V000003,202606,FS,FSNNM,407773.57,1608086.35,2026-06-01 00:00:00,2026-06-30 00:00:00
V000004|202601|FS,V000004,202601,FS,FSNNM,246101.96,246101.96,2026-01-01 00:00:00,2026-06-30 00:00:00
V000004|202602|FS,V000004,202602,FS,FSNNM,0.00,246101.96,2026-02-01 00:00:00,2026-06-30 00:00:00
V000004|202603|FS,V000004,202603,FS,FSNNM,294277.50,540379.46,2026-03-01 00:00:00,2026-06-30 00:00:00
V000004|202604|FS,V000004,202604,FS,FSNNM,-150698.80,389680.66,2026-04-01 00:00:00,2026-06-30 00:00:00
V000004|202605|FS,V000004,202605,FS,FSNNM,138794.30,528474.96,2026-05-01 00:00:00,2026-06-30 00:00:00
V000004|202606|FS,V000004,202606,FS,FSNNM,-281782.64,246692.32,2026-06-01 00:00:00,2026-06-30 00:00:00
V000005|202601|FS,V000005,202601,FS,FSNNM,396024.86,396024.86,2026-01-01 00:00:00,2026-06-30 00:00:00
V000005|202602|FS,V000005,202602,FS,FSNNM,422106.81,818131.67,2026-02-01 00:00:00,2026-06-30 00:00:00
V000005|202603|FS,V000005,202603,FS,FSNNM,376642.12,1194773.79,2026-03-01 00:00:00,2026-06-30 00:00:00
V000005|202604|FS,V000005,202604,FS,FSNNM,188442.91,1383216.70,2026-04-01 00:00:00,2026-06-30 00:00:00
V000005|202605|FS,V000005,202605,FS,FSNNM,544316.68,1927533.38,2026-05-01 00:00:00,2026-06-30 00:00:00
V000005|202606|FS,V000005,202606,FS,FSNNM,397536.02,2325069.40,2026-06-01 00:00:00,2026-06-30 00:00:00
V000006|202601|FS,V000006,202601,FS,FSNNM,-55886.86,-55886.86,2026-01-01 00:00:00,2026-06-30 00:00:00
V000006|202602|FS,V000006,202602,FS,FSNNM,-71374.76,-127261.62,2026-02-01 00:00:00,2026-06-30 00:00:00
V000006|202603|FS,V000006,202603,FS,FSNNM,-31772.68,-159034.30,2026-03-01 00:00:00,2026-06-30 00:00:00
V000006|202604|FS,V000006,202604,FS,FSNNM,-33039.75,-192074.05,2026-04-01 00:00:00,2026-06-30 00:00:00
V000006|202605|FS,V000006,202605,FS,FSNNM,-94519.24,-286593.29,2026-05-01 00:00:00,2026-06-30 00:00:00
V000006|202606|FS,V000006,202606,FS,FSNNM,-16430.65,-303023.94,2026-06-01 00:00:00,2026-06-30 00:00:00
V000007|202601|FS,V000007,202601,FS,FSNNM,364380.33,364380.33,2026-01-01 00:00:00,2026-06-30 00:00:00
V000007|202602|FS,V000007,202602,FS,FSNNM,303955.63,668335.96,2026-02-01 00:00:00,2026-06-30 00:00:00
V000007|202603|FS,V000007,202603,FS,FSNNM,182539.29,850875.25,2026-03-01 00:00:00,2026-06-30 00:00:00
V000007|202604|FS,V000007,202604,FS,FSNNM,361141.06,1212016.31,2026-04-01 00:00:00,2026-06-30 00:00:00
V000007|202605|FS,V000007,202605,FS,FSNNM,316277.66,1528293.97,2026-05-01 00:00:00,2026-06-30 00:00:00
V000007|202606|FS,V000007,202606,FS,FSNNM,398704.47,1926998.44,2026-06-01 00:00:00,2026-06-30 00:00:00
V000008|202601|FS,V000008,202601,FS,FSNNM,-26283.49,-26283.49,2026-01-01 00:00:00,2026-06-30 00:00:00
V000008|202602|FS,V000008,202602,FS,FSNNM,0.00,-26283.49,2026-02-01 00:00:00,2026-06-30 00:00:00
V000008|202603|FS,V000008,202603,FS,FSNNM,-30481.47,-56764.96,2026-03-01 00:00:00,2026-06-30 00:00:00
V000008|202604|FS,V000008,202604,FS,FSNNM,-34682.02,-91446.98,2026-04-01 00:00:00,2026-06-30 00:00:00
V000008|202605|FS,V000008,202605,FS,FSNNM,-20575.31,-112022.29,2026-05-01 00:00:00,2026-06-30 00:00:00
V000008|202606|FS,V000008,202606,FS,FSNNM,-7505.47,-119527.76,2026-06-01 00:00:00,2026-06-30 00:00:00
V000009|202601|FS,V000009,202601,FS,FSNNM,268518.29,268518.29,2026-01-01 00:00:00,2026-06-30 00:00:00
V000009|202602|FS,V000009,202602,FS,FSNNM,659938.85,928457.14,2026-02-01 00:00:00,2026-06-30 00:00:00
V000009|202603|FS,V000009,202603,FS,FSNNM,345397.55,1273854.69,2026-03-01 00:00:00,2026-06-30 00:00:00
V000009|202604|FS,V000009,202604,FS,FSNNM,624813.54,1898668.23,2026-04-01 00:00:00,2026-06-30 00:00:00
V000009|202605|FS,V000009,202605,FS,FSNNM,-143959.55,1754708.68,2026-05-01 00:00:00,2026-06-30 00:00:00
V000009|202606|FS,V000009,202606,FS,FSNNM,733330.44,2488039.12,2026-06-01 00:00:00,2026-06-30 00:00:00
V000010|202601|FS,V000010,202601,FS,FSNNM,128969.46,128969.46,2026-01-01 00:00:00,2026-06-30 00:00:00
V000010|202602|FS,V000010,202602,FS,FSNNM,193273.93,322243.39,2026-02-01 00:00:00,2026-06-30 00:00:00
V000010|202603|FS,V000010,202603,FS,FSNNM,567134.26,889377.65,2026-03-01 00:00:00,2026-06-30 00:00:00
V000010|202604|FS,V000010,202604,FS,FSNNM,641414.68,1530792.33,2026-04-01 00:00:00,2026-06-30 00:00:00
V000010|202605|FS,V000010,202605,FS,FSNNM,626369.48,2157161.81,2026-05-01 00:00:00,2026-06-30 00:00:00
V000010|202606|FS,V000010,202606,FS,FSNNM,0.00,2157161.81,2026-06-01 00:00:00,2026-06-30 00:00:00
V000011|202601|FS,V000011,202601,FS,FSNNM,0.00,0.00,2026-01-01 00:00:00,2026-06-30 00:00:00
V000011|202602|FS,V000011,202602,FS,FSNNM,0.00,0.00,2026-02-01 00:00:00,2026-06-30 00:00:00
V000011|202603|FS,V000011,202603,FS,FSNNM,905038.76,905038.76,2026-03-01 00:00:00,2026-06-30 00:00:00
V000011|202604|FS,V000011,202604,FS,FSNNM,740544.52,1645583.28,2026-04-01 00:00:00,2026-06-30 00:00:00
V000011|202605|FS,V000011,202605,FS,FSNNM,826650.83,2472234.11,2026-05-01 00:00:00,2026-06-30 00:00:00
V000011|202606|FS,V000011,202606,FS,FSNNM,150038.64,2622272.75,2026-06-01 00:00:00,2026-06-30 00:00:00
V000012|202601|FS,V000012,202601,FS,FSNNM,0.00,0.00,2026-01-01 00:00:00,2026-06-30 00:00:00
V000012|202602|FS,V000012,202602,FS,FSNNM,235891.56,235891.56,2026-02-01 00:00:00,2026-06-30 00:00:00
V000012|202603|FS,V000012,202603,FS,FSNNM,401385.86,637277.42,2026-03-01 00:00:00,2026-06-30 00:00:00
V000012|202604|FS,V000012,202604,FS,FSNNM,559684.35,1196961.77,2026-04-01 00:00:00,2026-06-30 00:00:00
V000012|202605|FS,V000012,202605,FS,FSNNM,460491.36,1657453.13,2026-05-01 00:00:00,2026-06-30 00:00:00
V000012|202606|FS,V000012,202606,FS,FSNNM,200901.01,1858354.14,2026-06-01 00:00:00,2026-06-30 00:00:00
V000013|202601|FS,V000013,202601,FS,FSNNM,-34009.50,-34009.50,2026-01-01 00:00:00,2026-06-30 00:00:00
V000013|202602|FS,V000013,202602,FS,FSNNM,-15515.83,-49525.33,2026-02-01 00:00:00,2026-06-30 00:00:00
V000013|202603|FS,V000013,202603,FS,FSNNM,-20315.60,-69840.93,2026-03-01 00:00:00,2026-06-30 00:00:00
V000013|202604|FS,V000013,202604,FS,FSNNM,-33547.19,-103388.12,2026-04-01 00:00:00,2026-06-30 00:00:00
V000013|202605|FS,V000013,202605,FS,FSNNM,-15473.06,-118861.18,2026-05-01 00:00:00,2026-06-30 00:00:00
V000013|202606|FS,V000013,202606,FS,FSNNM,-23396.08,-142257.26,2026-06-01 00:00:00,2026-06-30 00:00:00
V000014|202601|FS,V000014,202601,FS,FSNNM,177605.12,177605.12,2026-01-01 00:00:00,2026-06-30 00:00:00
V000014|202602|FS,V000014,202602,FS,FSNNM,269538.37,447143.49,2026-02-01 00:00:00,2026-06-30 00:00:00
V000014|202603|FS,V000014,202603,FS,FSNNM,443992.48,891135.97,2026-03-01 00:00:00,2026-06-30 00:00:00
V000014|202604|FS,V000014,202604,FS,FSNNM,75745.50,966881.47,2026-04-01 00:00:00,2026-06-30 00:00:00
V000014|202605|FS,V000014,202605,FS,FSNNM,328536.11,1295417.58,2026-05-01 00:00:00,2026-06-30 00:00:00
V000014|202606|FS,V000014,202606,FS,FSNNM,124541.41,1419958.99,2026-06-01 00:00:00,2026-06-30 00:00:00
V000015|202601|FS,V000015,202601,FS,FSNNM,-49299.29,-49299.29,2026-01-01 00:00:00,2026-06-30 00:00:00
V000015|202602|FS,V000015,202602,FS,FSNNM,-118862.89,-168162.18,2026-02-01 00:00:00,2026-06-30 00:00:00
V000015|202603|FS,V000015,202603,FS,FSNNM,-72673.68,-240835.86,2026-03-01 00:00:00,2026-06-30 00:00:00
V000015|202604|FS,V000015,202604,FS,FSNNM,-85490.86,-326326.72,2026-04-01 00:00:00,2026-06-30 00:00:00
V000015|202605|FS,V000015,202605,FS,FSNNM,-41283.60,-367610.32,2026-05-01 00:00:00,2026-06-30 00:00:00
V000015|202606|FS,V000015,202606,FS,FSNNM,-119434.11,-487044.43,2026-06-01 00:00:00,2026-06-30 00:00:00
V000016|202601|FS,V000016,202601,FS,FSNNM,0.00,0.00,2026-01-01 00:00:00,2026-06-30 00:00:00
V000016|202602|FS,V000016,202602,FS,FSNNM,82752.26,82752.26,2026-02-01 00:00:00,2026-06-30 00:00:00
V000016|202603|FS,V000016,202603,FS,FSNNM,55005.09,137757.35,2026-03-01 00:00:00,2026-06-30 00:00:00
V000016|202604|FS,V000016,202604,FS,FSNNM,311518.54,449275.89,2026-04-01 00:00:00,2026-06-30 00:00:00
V000016|202605|FS,V000016,202605,FS,FSNNM,201748.97,651024.86,2026-05-01 00:00:00,2026-06-30 00:00:00
V000016|202606|FS,V000016,202606,FS,FSNNM,60813.92,711838.78,2026-06-01 00:00:00,2026-06-30 00:00:00
V000017|202601|FS,V000017,202601,FS,FSNNM,255361.51,255361.51,2026-01-01 00:00:00,2026-06-30 00:00:00
V000017|202602|FS,V000017,202602,FS,FSNNM,122011.08,377372.59,2026-02-01 00:00:00,2026-06-30 00:00:00
V000017|202603|FS,V000017,202603,FS,FSNNM,95639.79,473012.38,2026-03-01 00:00:00,2026-06-30 00:00:00
V000017|202604|FS,V000017,202604,FS,FSNNM,240974.54,713986.92,2026-04-01 00:00:00,2026-06-30 00:00:00
V000017|202605|FS,V000017,202605,FS,FSNNM,0.00,713986.92,2026-05-01 00:00:00,2026-06-30 00:00:00
V000017|202606|FS,V000017,202606,FS,FSNNM,68485.03,782471.95,2026-06-01 00:00:00,2026-06-30 00:00:00
V000018|202601|FS,V000018,202601,FS,FSNNM,-38479.65,-38479.65,2026-01-01 00:00:00,2026-06-30 00:00:00
V000018|202602|FS,V000018,202602,FS,FSNNM,39762.35,1282.70,2026-02-01 00:00:00,2026-06-30 00:00:00
V000018|202603|FS,V000018,202603,FS,FSNNM,42254.42,43537.12,2026-03-01 00:00:00,2026-06-30 00:00:00
V000018|202604|FS,V000018,202604,FS,FSNNM,12475.23,56012.35,2026-04-01 00:00:00,2026-06-30 00:00:00
V000018|202605|FS,V000018,202605,FS,FSNNM,-44509.92,11502.43,2026-05-01 00:00:00,2026-06-30 00:00:00
V000018|202606|FS,V000018,202606,FS,FSNNM,42787.77,54290.20,2026-06-01 00:00:00,2026-06-30 00:00:00
V000019|202601|FS,V000019,202601,FS,FSNNM,-332082.28,-332082.28,2026-01-01 00:00:00,2026-06-30 00:00:00
V000019|202602|FS,V000019,202602,FS,FSNNM,-319025.41,-651107.69,2026-02-01 00:00:00,2026-06-30 00:00:00
V000019|202603|FS,V000019,202603,FS,FSNNM,263194.06,-387913.63,2026-03-01 00:00:00,2026-06-30 00:00:00
V000019|202604|FS,V000019,202604,FS,FSNNM,277348.25,-110565.38,2026-04-01 00:00:00,2026-06-30 00:00:00
V000019|202605|FS,V000019,202605,FS,FSNNM,227601.01,117035.63,2026-05-01 00:00:00,2026-06-30 00:00:00
V000019|202606|FS,V000019,202606,FS,FSNNM,97494.71,214530.34,2026-06-01 00:00:00,2026-06-30 00:00:00
V000020|202601|FS,V000020,202601,FS,FSNNM,987155.44,987155.44,2026-01-01 00:00:00,2026-06-30 00:00:00
V000020|202602|FS,V000020,202602,FS,FSNNM,-253833.25,733322.19,2026-02-01 00:00:00,2026-06-30 00:00:00
V000020|202603|FS,V000020,202603,FS,FSNNM,301682.11,1035004.30,2026-03-01 00:00:00,2026-06-30 00:00:00
V000020|202604|FS,V000020,202604,FS,FSNNM,299003.62,1334007.92,2026-04-01 00:00:00,2026-06-30 00:00:00
V000020|202605|FS,V000020,202605,FS,FSNNM,535128.50,1869136.42,2026-05-01 00:00:00,2026-06-30 00:00:00
V000020|202606|FS,V000020,202606,FS,FSNNM,831553.60,2700690.02,2026-06-01 00:00:00,2026-06-30 00:00:00
V000001|202601|NB,V000001,202601,NB,NBNNM,91657.20,91657.20,2026-01-01 00:00:00,2026-06-30 00:00:00
V000001|202602|NB,V000001,202602,NB,NBNNM,455850.51,547507.71,2026-02-01 00:00:00,2026-06-30 00:00:00
V000001|202603|NB,V000001,202603,NB,NBNNM,-303106.28,244401.43,2026-03-01 00:00:00,2026-06-30 00:00:00
V000001|202604|NB,V000001,202604,NB,NBNNM,430784.86,675186.29,2026-04-01 00:00:00,2026-06-30 00:00:00
V000001|202605|NB,V000001,202605,NB,NBNNM,443157.98,1118344.27,2026-05-01 00:00:00,2026-06-30 00:00:00
V000001|202606|NB,V000001,202606,NB,NBNNM,278900.88,1397245.15,2026-06-01 00:00:00,2026-06-30 00:00:00
V000002|202601|NB,V000002,202601,NB,NBNNM,238883.31,238883.31,2026-01-01 00:00:00,2026-06-30 00:00:00
V000002|202602|NB,V000002,202602,NB,NBNNM,-115211.96,123671.35,2026-02-01 00:00:00,2026-06-30 00:00:00
V000002|202603|NB,V000002,202603,NB,NBNNM,467973.39,591644.74,2026-03-01 00:00:00,2026-06-30 00:00:00
V000002|202604|NB,V000002,202604,NB,NBNNM,532406.87,1124051.61,2026-04-01 00:00:00,2026-06-30 00:00:00
V000002|202605|NB,V000002,202605,NB,NBNNM,399219.61,1523271.22,2026-05-01 00:00:00,2026-06-30 00:00:00
V000002|202606|NB,V000002,202606,NB,NBNNM,-131140.91,1392130.31,2026-06-01 00:00:00,2026-06-30 00:00:00
V000003|202601|NB,V000003,202601,NB,NBNNM,666898.84,666898.84,2026-01-01 00:00:00,2026-06-30 00:00:00
V000003|202602|NB,V000003,202602,NB,NBNNM,425308.41,1092207.25,2026-02-01 00:00:00,2026-06-30 00:00:00
V000003|202603|NB,V000003,202603,NB,NBNNM,190919.60,1283126.85,2026-03-01 00:00:00,2026-06-30 00:00:00
V000003|202604|NB,V000003,202604,NB,NBNNM,0.00,1283126.85,2026-04-01 00:00:00,2026-06-30 00:00:00
V000003|202605|NB,V000003,202605,NB,NBNNM,98940.40,1382067.25,2026-05-01 00:00:00,2026-06-30 00:00:00
V000003|202606|NB,V000003,202606,NB,NBNNM,569368.67,1951435.92,2026-06-01 00:00:00,2026-06-30 00:00:00
V000004|202601|NB,V000004,202601,NB,NBNNM,1202620.84,1202620.84,2026-01-01 00:00:00,2026-06-30 00:00:00
V000004|202602|NB,V000004,202602,NB,NBNNM,1063193.42,2265814.26,2026-02-01 00:00:00,2026-06-30 00:00:00
V000004|202603|NB,V000004,202603,NB,NBNNM,750543.42,3016357.68,2026-03-01 00:00:00,2026-06-30 00:00:00
V000004|202604|NB,V000004,202604,NB,NBNNM,875227.43,3891585.11,2026-04-01 00:00:00,2026-06-30 00:00:00
V000004|202605|NB,V000004,202605,NB,NBNNM,445298.19,4336883.30,2026-05-01 00:00:00,2026-06-30 00:00:00
V000004|202606|NB,V000004,202606,NB,NBNNM,428543.53,4765426.83,2026-06-01 00:00:00,2026-06-30 00:00:00
V000005|202601|NB,V000005,202601,NB,NBNNM,1291196.03,1291196.03,2026-01-01 00:00:00,2026-06-30 00:00:00
V000005|202602|NB,V000005,202602,NB,NBNNM,714483.11,2005679.14,2026-02-01 00:00:00,2026-06-30 00:00:00
V000005|202603|NB,V000005,202603,NB,NBNNM,1005064.71,3010743.85,2026-03-01 00:00:00,2026-06-30 00:00:00
V000005|202604|NB,V000005,202604,NB,NBNNM,1009914.56,4020658.41,2026-04-01 00:00:00,2026-06-30 00:00:00
V000005|202605|NB,V000005,202605,NB,NBNNM,151744.81,4172403.22,2026-05-01 00:00:00,2026-06-30 00:00:00
V000005|202606|NB,V000005,202606,NB,NBNNM,680366.83,4852770.05,2026-06-01 00:00:00,2026-06-30 00:00:00
V000006|202601|NB,V000006,202601,NB,NBNNM,160228.54,160228.54,2026-01-01 00:00:00,2026-06-30 00:00:00
V000006|202602|NB,V000006,202602,NB,NBNNM,259020.63,419249.17,2026-02-01 00:00:00,2026-06-30 00:00:00
V000006|202603|NB,V000006,202603,NB,NBNNM,945896.74,1365145.91,2026-03-01 00:00:00,2026-06-30 00:00:00
V000006|202604|NB,V000006,202604,NB,NBNNM,155966.60,1521112.51,2026-04-01 00:00:00,2026-06-30 00:00:00
V000006|202605|NB,V000006,202605,NB,NBNNM,0.00,1521112.51,2026-05-01 00:00:00,2026-06-30 00:00:00
V000006|202606|NB,V000006,202606,NB,NBNNM,711556.46,2232668.97,2026-06-01 00:00:00,2026-06-30 00:00:00
V000007|202601|NB,V000007,202601,NB,NBNNM,662670.06,662670.06,2026-01-01 00:00:00,2026-06-30 00:00:00
V000007|202602|NB,V000007,202602,NB,NBNNM,362751.45,1025421.51,2026-02-01 00:00:00,2026-06-30 00:00:00
V000007|202603|NB,V000007,202603,NB,NBNNM,970403.44,1995824.95,2026-03-01 00:00:00,2026-06-30 00:00:00
V000007|202604|NB,V000007,202604,NB,NBNNM,649648.38,2645473.33,2026-04-01 00:00:00,2026-06-30 00:00:00
V000007|202605|NB,V000007,202605,NB,NBNNM,802022.70,3447496.03,2026-05-01 00:00:00,2026-06-30 00:00:00
V000007|202606|NB,V000007,202606,NB,NBNNM,-646259.82,2801236.21,2026-06-01 00:00:00,2026-06-30 00:00:00
V000008|202601|NB,V000008,202601,NB,NBNNM,-127401.39,-127401.39,2026-01-01 00:00:00,2026-06-30 00:00:00
V000008|202602|NB,V000008,202602,NB,NBNNM,746156.90,618755.51,2026-02-01 00:00:00,2026-06-30 00:00:00
V000008|202603|NB,V000008,202603,NB,NBNNM,436577.02,1055332.53,2026-03-01 00:00:00,2026-06-30 00:00:00
V000008|202604|NB,V000008,202604,NB,NBNNM,421316.27,1476648.80,2026-04-01 00:00:00,2026-06-30 00:00:00
V000008|202605|NB,V000008,202605,NB,NBNNM,180770.82,1657419.62,2026-05-01 00:00:00,2026-06-30 00:00:00
V000008|202606|NB,V000008,202606,NB,NBNNM,808685.43,2466105.05,2026-06-01 00:00:00,2026-06-30 00:00:00
V000009|202601|NB,V000009,202601,NB,NBNNM,207634.04,207634.04,2026-01-01 00:00:00,2026-06-30 00:00:00
V000009|202602|NB,V000009,202602,NB,NBNNM,0.00,207634.04,2026-02-01 00:00:00,2026-06-30 00:00:00
V000009|202603|NB,V000009,202603,NB,NBNNM,28190.73,235824.77,2026-03-01 00:00:00,2026-06-30 00:00:00
V000009|202604|NB,V000009,202604,NB,NBNNM,0.00,235824.77,2026-04-01 00:00:00,2026-06-30 00:00:00
V000009|202605|NB,V000009,202605,NB,NBNNM,-65617.06,170207.71,2026-05-01 00:00:00,2026-06-30 00:00:00
V000009|202606|NB,V000009,202606,NB,NBNNM,146175.33,316383.04,2026-06-01 00:00:00,2026-06-30 00:00:00
V000010|202601|NB,V000010,202601,NB,NBNNM,530762.69,530762.69,2026-01-01 00:00:00,2026-06-30 00:00:00
V000010|202602|NB,V000010,202602,NB,NBNNM,751650.37,1282413.06,2026-02-01 00:00:00,2026-06-30 00:00:00
V000010|202603|NB,V000010,202603,NB,NBNNM,994783.92,2277196.98,2026-03-01 00:00:00,2026-06-30 00:00:00
V000010|202604|NB,V000010,202604,NB,NBNNM,673333.35,2950530.33,2026-04-01 00:00:00,2026-06-30 00:00:00
V000010|202605|NB,V000010,202605,NB,NBNNM,176570.13,3127100.46,2026-05-01 00:00:00,2026-06-30 00:00:00
V000010|202606|NB,V000010,202606,NB,NBNNM,248178.59,3375279.05,2026-06-01 00:00:00,2026-06-30 00:00:00
V000011|202601|NB,V000011,202601,NB,NBNNM,0.00,0.00,2026-01-01 00:00:00,2026-06-30 00:00:00
V000011|202602|NB,V000011,202602,NB,NBNNM,653446.04,653446.04,2026-02-01 00:00:00,2026-06-30 00:00:00
V000011|202603|NB,V000011,202603,NB,NBNNM,769565.98,1423012.02,2026-03-01 00:00:00,2026-06-30 00:00:00
V000011|202604|NB,V000011,202604,NB,NBNNM,-1151814.29,271197.73,2026-04-01 00:00:00,2026-06-30 00:00:00
V000011|202605|NB,V000011,202605,NB,NBNNM,515308.55,786506.28,2026-05-01 00:00:00,2026-06-30 00:00:00
V000011|202606|NB,V000011,202606,NB,NBNNM,1302044.69,2088550.97,2026-06-01 00:00:00,2026-06-30 00:00:00
V000012|202601|NB,V000012,202601,NB,NBNNM,219075.04,219075.04,2026-01-01 00:00:00,2026-06-30 00:00:00
V000012|202602|NB,V000012,202602,NB,NBNNM,281518.67,500593.71,2026-02-01 00:00:00,2026-06-30 00:00:00
V000012|202603|NB,V000012,202603,NB,NBNNM,344877.61,845471.32,2026-03-01 00:00:00,2026-06-30 00:00:00
V000012|202604|NB,V000012,202604,NB,NBNNM,246660.49,1092131.81,2026-04-01 00:00:00,2026-06-30 00:00:00
V000012|202605|NB,V000012,202605,NB,NBNNM,-129267.34,962864.47,2026-05-01 00:00:00,2026-06-30 00:00:00
V000012|202606|NB,V000012,202606,NB,NBNNM,240287.17,1203151.64,2026-06-01 00:00:00,2026-06-30 00:00:00
V000013|202601|NB,V000013,202601,NB,NBNNM,474693.00,474693.00,2026-01-01 00:00:00,2026-06-30 00:00:00
V000013|202602|NB,V000013,202602,NB,NBNNM,717984.00,1192677.00,2026-02-01 00:00:00,2026-06-30 00:00:00
V000013|202603|NB,V000013,202603,NB,NBNNM,386091.07,1578768.07,2026-03-01 00:00:00,2026-06-30 00:00:00
V000013|202604|NB,V000013,202604,NB,NBNNM,184088.17,1762856.24,2026-04-01 00:00:00,2026-06-30 00:00:00
V000013|202605|NB,V000013,202605,NB,NBNNM,0.00,1762856.24,2026-05-01 00:00:00,2026-06-30 00:00:00
V000013|202606|NB,V000013,202606,NB,NBNNM,164991.37,1927847.61,2026-06-01 00:00:00,2026-06-30 00:00:00
V000014|202601|NB,V000014,202601,NB,NBNNM,1176450.36,1176450.36,2026-01-01 00:00:00,2026-06-30 00:00:00
V000014|202602|NB,V000014,202602,NB,NBNNM,0.00,1176450.36,2026-02-01 00:00:00,2026-06-30 00:00:00
V000014|202603|NB,V000014,202603,NB,NBNNM,607433.22,1783883.58,2026-03-01 00:00:00,2026-06-30 00:00:00
V000014|202604|NB,V000014,202604,NB,NBNNM,527615.17,2311498.75,2026-04-01 00:00:00,2026-06-30 00:00:00
V000014|202605|NB,V000014,202605,NB,NBNNM,538399.16,2849897.91,2026-05-01 00:00:00,2026-06-30 00:00:00
V000014|202606|NB,V000014,202606,NB,NBNNM,329379.32,3179277.23,2026-06-01 00:00:00,2026-06-30 00:00:00
V000015|202601|NB,V000015,202601,NB,NBNNM,183013.17,183013.17,2026-01-01 00:00:00,2026-06-30 00:00:00
V000015|202602|NB,V000015,202602,NB,NBNNM,521823.10,704836.27,2026-02-01 00:00:00,2026-06-30 00:00:00
V000015|202603|NB,V000015,202603,NB,NBNNM,569006.87,1273843.14,2026-03-01 00:00:00,2026-06-30 00:00:00
V000015|202604|NB,V000015,202604,NB,NBNNM,210666.01,1484509.15,2026-04-01 00:00:00,2026-06-30 00:00:00
V000015|202605|NB,V000015,202605,NB,NBNNM,599717.61,2084226.76,2026-05-01 00:00:00,2026-06-30 00:00:00
V000015|202606|NB,V000015,202606,NB,NBNNM,192375.75,2276602.51,2026-06-01 00:00:00,2026-06-30 00:00:00
V000016|202601|NB,V000016,202601,NB,NBNNM,484447.53,484447.53,2026-01-01 00:00:00,2026-06-30 00:00:00
V000016|202602|NB,V000016,202602,NB,NBNNM,685726.82,1170174.35,2026-02-01 00:00:00,2026-06-30 00:00:00
V000016|202603|NB,V000016,202603,NB,NBNNM,664768.80,1834943.15,2026-03-01 00:00:00,2026-06-30 00:00:00
V000016|202604|NB,V000016,202604,NB,NBNNM,168126.53,2003069.68,2026-04-01 00:00:00,2026-06-30 00:00:00
V000016|202605|NB,V000016,202605,NB,NBNNM,1111669.26,3114738.94,2026-05-01 00:00:00,2026-06-30 00:00:00
V000016|202606|NB,V000016,202606,NB,NBNNM,1075458.68,4190197.62,2026-06-01 00:00:00,2026-06-30 00:00:00
V000017|202601|NB,V000017,202601,NB,NBNNM,224984.19,224984.19,2026-01-01 00:00:00,2026-06-30 00:00:00
V000017|202602|NB,V000017,202602,NB,NBNNM,146750.85,371735.04,2026-02-01 00:00:00,2026-06-30 00:00:00
V000017|202603|NB,V000017,202603,NB,NBNNM,0.00,371735.04,2026-03-01 00:00:00,2026-06-30 00:00:00
V000017|202604|NB,V000017,202604,NB,NBNNM,0.00,371735.04,2026-04-01 00:00:00,2026-06-30 00:00:00
V000017|202605|NB,V000017,202605,NB,NBNNM,0.00,371735.04,2026-05-01 00:00:00,2026-06-30 00:00:00
V000017|202606|NB,V000017,202606,NB,NBNNM,156315.44,528050.48,2026-06-01 00:00:00,2026-06-30 00:00:00
V000018|202601|NB,V000018,202601,NB,NBNNM,526731.84,526731.84,2026-01-01 00:00:00,2026-06-30 00:00:00
V000018|202602|NB,V000018,202602,NB,NBNNM,172410.33,699142.17,2026-02-01 00:00:00,2026-06-30 00:00:00
V000018|202603|NB,V000018,202603,NB,NBNNM,642966.63,1342108.80,2026-03-01 00:00:00,2026-06-30 00:00:00
V000018|202604|NB,V000018,202604,NB,NBNNM,567487.87,1909596.67,2026-04-01 00:00:00,2026-06-30 00:00:00
V000018|202605|NB,V000018,202605,NB,NBNNM,510578.60,2420175.27,2026-05-01 00:00:00,2026-06-30 00:00:00
V000018|202606|NB,V000018,202606,NB,NBNNM,-540443.56,1879731.71,2026-06-01 00:00:00,2026-06-30 00:00:00
V000019|202601|NB,V000019,202601,NB,NBNNM,207909.79,207909.79,2026-01-01 00:00:00,2026-06-30 00:00:00
V000019|202602|NB,V000019,202602,NB,NBNNM,161360.28,369270.07,2026-02-01 00:00:00,2026-06-30 00:00:00
V000019|202603|NB,V000019,202603,NB,NBNNM,-382177.52,-12907.45,2026-03-01 00:00:00,2026-06-30 00:00:00
V000019|202604|NB,V000019,202604,NB,NBNNM,446163.42,433255.97,2026-04-01 00:00:00,2026-06-30 00:00:00
V000019|202605|NB,V000019,202605,NB,NBNNM,101124.88,534380.85,2026-05-01 00:00:00,2026-06-30 00:00:00
V000019|202606|NB,V000019,202606,NB,NBNNM,118765.11,653145.96,2026-06-01 00:00:00,2026-06-30 00:00:00
V000020|202601|NB,V000020,202601,NB,NBNNM,419194.92,419194.92,2026-01-01 00:00:00,2026-06-30 00:00:00
V000020|202602|NB,V000020,202602,NB,NBNNM,71089.69,490284.61,2026-02-01 00:00:00,2026-06-30 00:00:00
V000020|202603|NB,V000020,202603,NB,NBNNM,116272.83,606557.44,2026-03-01 00:00:00,2026-06-30 00:00:00
V000020|202604|NB,V000020,202604,NB,NBNNM,347026.10,953583.54,2026-04-01 00:00:00,2026-06-30 00:00:00
V000020|202605|NB,V000020,202605,NB,NBNNM,111540.59,1065124.13,2026-05-01 00:00:00,2026-06-30 00:00:00
V000020|202606|NB,V000020,202606,NB,NBNNM,-153348.29,911775.84,2026-06-01 00:00:00,2026-06-30 00:00:00
V000001|202601|YI,V000001,202601,YI,YINNM,439264.44,439264.44,2026-01-01 00:00:00,2026-06-30 00:00:00
V000001|202602|YI,V000001,202602,YI,YINNM,-204974.54,234289.90,2026-02-01 00:00:00,2026-06-30 00:00:00
V000001|202603|YI,V000001,202603,YI,YINNM,487414.18,721704.08,2026-03-01 00:00:00,2026-06-30 00:00:00
V000001|202604|YI,V000001,202604,YI,YINNM,-56805.99,664898.09,2026-04-01 00:00:00,2026-06-30 00:00:00
V000001|202605|YI,V000001,202605,YI,YINNM,101434.16,766332.25,2026-05-01 00:00:00,2026-06-30 00:00:00
V000001|202606|YI,V000001,202606,YI,YINNM,243213.64,1009545.89,2026-06-01 00:00:00,2026-06-30 00:00:00
V000002|202601|YI,V000002,202601,YI,YINNM,52101.33,52101.33,2026-01-01 00:00:00,2026-06-30 00:00:00
V000002|202602|YI,V000002,202602,YI,YINNM,51435.04,103536.37,2026-02-01 00:00:00,2026-06-30 00:00:00
V000002|202603|YI,V000002,202603,YI,YINNM,76317.62,179853.99,2026-03-01 00:00:00,2026-06-30 00:00:00
V000002|202604|YI,V000002,202604,YI,YINNM,61393.97,241247.96,2026-04-01 00:00:00,2026-06-30 00:00:00
V000002|202605|YI,V000002,202605,YI,YINNM,53594.17,294842.13,2026-05-01 00:00:00,2026-06-30 00:00:00
V000002|202606|YI,V000002,202606,YI,YINNM,0.00,294842.13,2026-06-01 00:00:00,2026-06-30 00:00:00
V000003|202601|YI,V000003,202601,YI,YINNM,19048.48,19048.48,2026-01-01 00:00:00,2026-06-30 00:00:00
V000003|202602|YI,V000003,202602,YI,YINNM,9582.54,28631.02,2026-02-01 00:00:00,2026-06-30 00:00:00
V000003|202603|YI,V000003,202603,YI,YINNM,-2927.63,25703.39,2026-03-01 00:00:00,2026-06-30 00:00:00
V000003|202604|YI,V000003,202604,YI,YINNM,12147.99,37851.38,2026-04-01 00:00:00,2026-06-30 00:00:00
V000003|202605|YI,V000003,202605,YI,YINNM,2893.53,40744.91,2026-05-01 00:00:00,2026-06-30 00:00:00
V000003|202606|YI,V000003,202606,YI,YINNM,22101.31,62846.22,2026-06-01 00:00:00,2026-06-30 00:00:00
V000004|202601|YI,V000004,202601,YI,YINNM,201944.23,201944.23,2026-01-01 00:00:00,2026-06-30 00:00:00
V000004|202602|YI,V000004,202602,YI,YINNM,562528.20,764472.43,2026-02-01 00:00:00,2026-06-30 00:00:00
V000004|202603|YI,V000004,202603,YI,YINNM,0.00,764472.43,2026-03-01 00:00:00,2026-06-30 00:00:00
V000004|202604|YI,V000004,202604,YI,YINNM,412566.04,1177038.47,2026-04-01 00:00:00,2026-06-30 00:00:00
V000004|202605|YI,V000004,202605,YI,YINNM,192902.96,1369941.43,2026-05-01 00:00:00,2026-06-30 00:00:00
V000004|202606|YI,V000004,202606,YI,YINNM,230165.55,1600106.98,2026-06-01 00:00:00,2026-06-30 00:00:00
V000005|202601|YI,V000005,202601,YI,YINNM,-180626.44,-180626.44,2026-01-01 00:00:00,2026-06-30 00:00:00
V000005|202602|YI,V000005,202602,YI,YINNM,0.00,-180626.44,2026-02-01 00:00:00,2026-06-30 00:00:00
V000005|202603|YI,V000005,202603,YI,YINNM,372671.33,192044.89,2026-03-01 00:00:00,2026-06-30 00:00:00
V000005|202604|YI,V000005,202604,YI,YINNM,451628.10,643672.99,2026-04-01 00:00:00,2026-06-30 00:00:00
V000005|202605|YI,V000005,202605,YI,YINNM,0.00,643672.99,2026-05-01 00:00:00,2026-06-30 00:00:00
V000005|202606|YI,V000005,202606,YI,YINNM,379159.16,1022832.15,2026-06-01 00:00:00,2026-06-30 00:00:00
V000006|202601|YI,V000006,202601,YI,YINNM,129604.12,129604.12,2026-01-01 00:00:00,2026-06-30 00:00:00
V000006|202602|YI,V000006,202602,YI,YINNM,182925.86,312529.98,2026-02-01 00:00:00,2026-06-30 00:00:00
V000006|202603|YI,V000006,202603,YI,YINNM,157601.88,470131.86,2026-03-01 00:00:00,2026-06-30 00:00:00
V000006|202604|YI,V000006,202604,YI,YINNM,98278.28,568410.14,2026-04-01 00:00:00,2026-06-30 00:00:00
V000006|202605|YI,V000006,202605,YI,YINNM,201515.14,769925.28,2026-05-01 00:00:00,2026-06-30 00:00:00
V000006|202606|YI,V000006,202606,YI,YINNM,140908.74,910834.02,2026-06-01 00:00:00,2026-06-30 00:00:00
V000007|202601|YI,V000007,202601,YI,YINNM,296102.95,296102.95,2026-01-01 00:00:00,2026-06-30 00:00:00
V000007|202602|YI,V000007,202602,YI,YINNM,138200.94,434303.89,2026-02-01 00:00:00,2026-06-30 00:00:00
V000007|202603|YI,V000007,202603,YI,YINNM,90556.65,524860.54,2026-03-01 00:00:00,2026-06-30 00:00:00
V000007|202604|YI,V000007,202604,YI,YINNM,235157.52,760018.06,2026-04-01 00:00:00,2026-06-30 00:00:00
V000007|202605|YI,V000007,202605,YI,YINNM,-177397.79,582620.27,2026-05-01 00:00:00,2026-06-30 00:00:00
V000007|202606|YI,V000007,202606,YI,YINNM,118154.46,700774.73,2026-06-01 00:00:00,2026-06-30 00:00:00
V000008|202601|YI,V000008,202601,YI,YINNM,0.00,0.00,2026-01-01 00:00:00,2026-06-30 00:00:00
V000008|202602|YI,V000008,202602,YI,YINNM,131526.33,131526.33,2026-02-01 00:00:00,2026-06-30 00:00:00
V000008|202603|YI,V000008,202603,YI,YINNM,81673.00,213199.33,2026-03-01 00:00:00,2026-06-30 00:00:00
V000008|202604|YI,V000008,202604,YI,YINNM,47497.98,260697.31,2026-04-01 00:00:00,2026-06-30 00:00:00
V000008|202605|YI,V000008,202605,YI,YINNM,-84293.13,176404.18,2026-05-01 00:00:00,2026-06-30 00:00:00
V000008|202606|YI,V000008,202606,YI,YINNM,-139805.06,36599.12,2026-06-01 00:00:00,2026-06-30 00:00:00
V000009|202601|YI,V000009,202601,YI,YINNM,540753.23,540753.23,2026-01-01 00:00:00,2026-06-30 00:00:00
V000009|202602|YI,V000009,202602,YI,YINNM,234161.01,774914.24,2026-02-01 00:00:00,2026-06-30 00:00:00
V000009|202603|YI,V000009,202603,YI,YINNM,485811.53,1260725.77,2026-03-01 00:00:00,2026-06-30 00:00:00
V000009|202604|YI,V000009,202604,YI,YINNM,-500121.72,760604.05,2026-04-01 00:00:00,2026-06-30 00:00:00
V000009|202605|YI,V000009,202605,YI,YINNM,321829.84,1082433.89,2026-05-01 00:00:00,2026-06-30 00:00:00
V000009|202606|YI,V000009,202606,YI,YINNM,401373.07,1483806.96,2026-06-01 00:00:00,2026-06-30 00:00:00
V000010|202601|YI,V000010,202601,YI,YINNM,79196.25,79196.25,2026-01-01 00:00:00,2026-06-30 00:00:00
V000010|202602|YI,V000010,202602,YI,YINNM,174286.19,253482.44,2026-02-01 00:00:00,2026-06-30 00:00:00
V000010|202603|YI,V000010,202603,YI,YINNM,83825.72,337308.16,2026-03-01 00:00:00,2026-06-30 00:00:00
V000010|202604|YI,V000010,202604,YI,YINNM,310137.09,647445.25,2026-04-01 00:00:00,2026-06-30 00:00:00
V000010|202605|YI,V000010,202605,YI,YINNM,255142.37,902587.62,2026-05-01 00:00:00,2026-06-30 00:00:00
V000010|202606|YI,V000010,202606,YI,YINNM,101923.42,1004511.04,2026-06-01 00:00:00,2026-06-30 00:00:00
V000011|202601|YI,V000011,202601,YI,YINNM,0.00,0.00,2026-01-01 00:00:00,2026-06-30 00:00:00
V000011|202602|YI,V000011,202602,YI,YINNM,443963.44,443963.44,2026-02-01 00:00:00,2026-06-30 00:00:00
V000011|202603|YI,V000011,202603,YI,YINNM,516724.52,960687.96,2026-03-01 00:00:00,2026-06-30 00:00:00
V000011|202604|YI,V000011,202604,YI,YINNM,75313.20,1036001.16,2026-04-01 00:00:00,2026-06-30 00:00:00
V000011|202605|YI,V000011,202605,YI,YINNM,359535.99,1395537.15,2026-05-01 00:00:00,2026-06-30 00:00:00
V000011|202606|YI,V000011,202606,YI,YINNM,456269.98,1851807.13,2026-06-01 00:00:00,2026-06-30 00:00:00
V000012|202601|YI,V000012,202601,YI,YINNM,-575696.84,-575696.84,2026-01-01 00:00:00,2026-06-30 00:00:00
V000012|202602|YI,V000012,202602,YI,YINNM,201650.97,-374045.87,2026-02-01 00:00:00,2026-06-30 00:00:00
V000012|202603|YI,V000012,202603,YI,YINNM,71276.85,-302769.02,2026-03-01 00:00:00,2026-06-30 00:00:00
V000012|202604|YI,V000012,202604,YI,YINNM,434661.56,131892.54,2026-04-01 00:00:00,2026-06-30 00:00:00
V000012|202605|YI,V000012,202605,YI,YINNM,303818.05,435710.59,2026-05-01 00:00:00,2026-06-30 00:00:00
V000012|202606|YI,V000012,202606,YI,YINNM,0.00,435710.59,2026-06-01 00:00:00,2026-06-30 00:00:00
V000013|202601|YI,V000013,202601,YI,YINNM,0.00,0.00,2026-01-01 00:00:00,2026-06-30 00:00:00
V000013|202602|YI,V000013,202602,YI,YINNM,108520.99,108520.99,2026-02-01 00:00:00,2026-06-30 00:00:00
V000013|202603|YI,V000013,202603,YI,YINNM,322386.76,430907.75,2026-03-01 00:00:00,2026-06-30 00:00:00
V000013|202604|YI,V000013,202604,YI,YINNM,477783.50,908691.25,2026-04-01 00:00:00,2026-06-30 00:00:00
V000013|202605|YI,V000013,202605,YI,YINNM,451971.27,1360662.52,2026-05-01 00:00:00,2026-06-30 00:00:00
V000013|202606|YI,V000013,202606,YI,YINNM,230977.89,1591640.41,2026-06-01 00:00:00,2026-06-30 00:00:00
V000014|202601|YI,V000014,202601,YI,YINNM,-28870.57,-28870.57,2026-01-01 00:00:00,2026-06-30 00:00:00
V000014|202602|YI,V000014,202602,YI,YINNM,-5482.00,-34352.57,2026-02-01 00:00:00,2026-06-30 00:00:00
V000014|202603|YI,V000014,202603,YI,YINNM,-34241.65,-68594.22,2026-03-01 00:00:00,2026-06-30 00:00:00
V000014|202604|YI,V000014,202604,YI,YINNM,-9957.08,-78551.30,2026-04-01 00:00:00,2026-06-30 00:00:00
V000014|202605|YI,V000014,202605,YI,YINNM,0.00,-78551.30,2026-05-01 00:00:00,2026-06-30 00:00:00
V000014|202606|YI,V000014,202606,YI,YINNM,-26612.95,-105164.25,2026-06-01 00:00:00,2026-06-30 00:00:00
V000015|202601|YI,V000015,202601,YI,YINNM,136162.55,136162.55,2026-01-01 00:00:00,2026-06-30 00:00:00
V000015|202602|YI,V000015,202602,YI,YINNM,146639.13,282801.68,2026-02-01 00:00:00,2026-06-30 00:00:00
V000015|202603|YI,V000015,202603,YI,YINNM,240756.33,523558.01,2026-03-01 00:00:00,2026-06-30 00:00:00
V000015|202604|YI,V000015,202604,YI,YINNM,317210.99,840769.00,2026-04-01 00:00:00,2026-06-30 00:00:00
V000015|202605|YI,V000015,202605,YI,YINNM,-120647.02,720121.98,2026-05-01 00:00:00,2026-06-30 00:00:00
V000015|202606|YI,V000015,202606,YI,YINNM,141973.90,862095.88,2026-06-01 00:00:00,2026-06-30 00:00:00
V000016|202601|YI,V000016,202601,YI,YINNM,-464909.23,-464909.23,2026-01-01 00:00:00,2026-06-30 00:00:00
V000016|202602|YI,V000016,202602,YI,YINNM,627160.72,162251.49,2026-02-01 00:00:00,2026-06-30 00:00:00
V000016|202603|YI,V000016,202603,YI,YINNM,472392.56,634644.05,2026-03-01 00:00:00,2026-06-30 00:00:00
V000016|202604|YI,V000016,202604,YI,YINNM,584127.46,1218771.51,2026-04-01 00:00:00,2026-06-30 00:00:00
V000016|202605|YI,V000016,202605,YI,YINNM,545285.81,1764057.32,2026-05-01 00:00:00,2026-06-30 00:00:00
V000016|202606|YI,V000016,202606,YI,YINNM,496396.48,2260453.80,2026-06-01 00:00:00,2026-06-30 00:00:00
V000017|202601|YI,V000017,202601,YI,YINNM,175865.89,175865.89,2026-01-01 00:00:00,2026-06-30 00:00:00
V000017|202602|YI,V000017,202602,YI,YINNM,234331.62,410197.51,2026-02-01 00:00:00,2026-06-30 00:00:00
V000017|202603|YI,V000017,202603,YI,YINNM,108843.98,519041.49,2026-03-01 00:00:00,2026-06-30 00:00:00
V000017|202604|YI,V000017,202604,YI,YINNM,-171065.23,347976.26,2026-04-01 00:00:00,2026-06-30 00:00:00
V000017|202605|YI,V000017,202605,YI,YINNM,77410.07,425386.33,2026-05-01 00:00:00,2026-06-30 00:00:00
V000017|202606|YI,V000017,202606,YI,YINNM,42771.77,468158.10,2026-06-01 00:00:00,2026-06-30 00:00:00
V000018|202601|YI,V000018,202601,YI,YINNM,157991.40,157991.40,2026-01-01 00:00:00,2026-06-30 00:00:00
V000018|202602|YI,V000018,202602,YI,YINNM,-253550.14,-95558.74,2026-02-01 00:00:00,2026-06-30 00:00:00
V000018|202603|YI,V000018,202603,YI,YINNM,-276276.67,-371835.41,2026-03-01 00:00:00,2026-06-30 00:00:00
V000018|202604|YI,V000018,202604,YI,YINNM,168042.51,-203792.90,2026-04-01 00:00:00,2026-06-30 00:00:00
V000018|202605|YI,V000018,202605,YI,YINNM,202232.72,-1560.18,2026-05-01 00:00:00,2026-06-30 00:00:00
V000018|202606|YI,V000018,202606,YI,YINNM,295953.71,294393.53,2026-06-01 00:00:00,2026-06-30 00:00:00
V000019|202601|YI,V000019,202601,YI,YINNM,250997.66,250997.66,2026-01-01 00:00:00,2026-06-30 00:00:00
V000019|202602|YI,V000019,202602,YI,YINNM,340701.83,591699.49,2026-02-01 00:00:00,2026-06-30 00:00:00
V000019|202603|YI,V000019,202603,YI,YINNM,210864.06,802563.55,2026-03-01 00:00:00,2026-06-30 00:00:00
V000019|202604|YI,V000019,202604,YI,YINNM,112309.54,914873.09,2026-04-01 00:00:00,2026-06-30 00:00:00
V000019|202605|YI,V000019,202605,YI,YINNM,373616.56,1288489.65,2026-05-01 00:00:00,2026-06-30 00:00:00
V000019|202606|YI,V000019,202606,YI,YINNM,-146643.36,1141846.29,2026-06-01 00:00:00,2026-06-30 00:00:00
V000020|202601|YI,V000020,202601,YI,YINNM,189660.26,189660.26,2026-01-01 00:00:00,2026-06-30 00:00:00
V000020|202602|YI,V000020,202602,YI,YINNM,206399.11,396059.37,2026-02-01 00:00:00,2026-06-30 00:00:00
V000020|202603|YI,V000020,202603,YI,YINNM,264865.36,660924.73,2026-03-01 00:00:00,2026-06-30 00:00:00
V000020|202604|YI,V000020,202604,YI,YINNM,190639.92,851564.65,2026-04-01 00:00:00,2026-06-30 00:00:00
V000020|202605|YI,V000020,202605,YI,YINNM,177276.04,1028840.69,2026-05-01 00:00:00,2026-06-30 00:00:00
V000020|202606|YI,V000020,202606,YI,YINNM,263924.49,1292765.18,2026-06-01 00:00:00,2026-06-30 00:00:00
