am_id,acct_key,advisor_sid,month_id,end_balance,credited_amt,txn_count,is_zero_balance,present_prior_month,prior_end_balance,prior_credited_amt
1597|V000001|202604,1597,V000001,202604,2040271.86,5905.63,4,false,false,0.00,0.00
1597|V000001|202605,1597,V000001,202605,2081077.30,59822.01,6,false,true,2040271.86,5905.63
1597|V000001|202606,1597,V000001,202606,2060674.58,4974.20,2,false,true,2081077.30,59822.01
1604|V000001|202604,1604,V000001,202604,2094020.76,732.78,1,false,false,0.00,0.00
1604|V000001|202605,1604,V000001,202605,2135901.18,6365.68,5,false,true,2094020.76,732.78
1604|V000001|202606,1604,V000001,202606,2114960.97,1857.42,1,false,true,2135901.18,6365.68
1611|V000001|202604,1611,V000001,202604,1502382.28,7970.52,5,false,false,0.00,0.00
1611|V000001|202605,1611,V000001,202605,1532429.93,3964.62,4,false,true,1502382.28,7970.52
1611|V000001|202606,1611,V000001,202606,1517406.10,991.00,1,false,true,1532429.93,3964.62
1618|V000001|202604,1618,V000001,202604,1696249.35,4421.85,4,false,false,0.00,0.00
1618|V000001|202605,1618,V000001,202605,1730174.33,5003.61,3,false,true,1696249.35,4421.85
1618|V000001|202606,1618,V000001,202606,1713211.84,2602.31,2,false,true,1730174.33,5003.61
1625|V000001|202604,1625,V000001,202604,215165.73,2272.34,1,false,false,0.00,0.00
1625|V000001|202605,1625,V000001,202605,219469.05,677.62,1,false,true,215165.73,2272.34
1625|V000001|202606,1625,V000001,202606,217317.39,4245.28,3,false,true,219469.05,677.62
1632|V000001|202604,1632,V000001,202604,752828.70,10534.57,6,false,false,0.00,0.00
1632|V000001|202605,1632,V000001,202605,767885.27,2567.19,2,false,true,752828.70,10534.57
1632|V000001|202606,1632,V000001,202606,760356.98,6286.86,6,false,true,767885.27,2567.19
1639|V000001|202604,1639,V000001,202604,633988.89,7468.80,5,false,false,0.00,0.00
1639|V000001|202605,1639,V000001,202605,646668.67,3050.66,3,false,true,633988.89,7468.80
1639|V000001|202606,1639,V000001,202606,640328.78,4974.83,3,false,true,646668.67,3050.66
1646|V000001|202604,1646,V000001,202604,2064723.79,9464.38,5,false,false,0.00,0.00
1646|V000001|202605,1646,V000001,202605,2106018.26,3949.45,4,false,true,2064723.79,9464.38
1646|V000001|202606,1646,V000001,202606,2085371.02,9899.70,7,false,true,2106018.26,3949.45
1653|V000001|202604,1653,V000001,202604,1070263.10,4076.89,3,false,false,0.00,0.00
1653|V000001|202605,1653,V000001,202605,1091668.36,5431.46,4,false,true,1070263.10,4076.89
1653|V000001|202606,1653,V000001,202606,1080965.73,4254.12,4,false,true,1091668.36,5431.46
1660|V000001|202604,1660,V000001,202604,1415078.95,4133.05,2,false,false,0.00,0.00
1660|V000001|202605,1660,V000001,202605,1443380.53,8492.45,6,false,true,1415078.95,4133.05
1660|V000001|202606,1660,V000001,202606,1429229.74,8404.60,7,false,true,1443380.53,8492.45
1667|V000002|202604,1667,V000002,202604,877182.04,1611.17,1,false,false,0.00,0.00
1667|V000002|202605,1667,V000002,202605,894725.68,9786.62,7,false,true,877182.04,1611.17
1667|V000002|202606,1667,V000002,202606,885953.86,1574.79,3,false,true,894725.68,9786.62
1674|V000002|202604,1674,V000002,202604,1668725.36,0.00,0,false,false,0.00,0.00
1674|V000002|202605,1674,V000002,202605,1702099.86,2770.41,2,false,true,1668725.36,0.00
1674|V000002|202606,1674,V000002,202606,1685412.61,2059.24,4,false,true,1702099.86,2770.41
1681|V000002|202604,1681,V000002,202604,1075265.44,4307.58,3,false,false,0.00,0.00
1681|V000002|202605,1681,V000002,202605,1096770.75,3285.44,2,false,true,1075265.44,4307.58
1681|V000002|202606,1681,V000002,202606,1086018.09,5932.38,4,false,true,1096770.75,3285.44
1688|V000002|202604,1688,V000002,202604,1970318.72,3803.35,3,false,false,0.00,0.00
1688|V000002|202605,1688,V000002,202605,2009725.10,3433.50,2,false,true,1970318.72,3803.35
1688|V000002|202606,1688,V000002,202606,1990021.91,3986.82,3,false,true,2009725.10,3433.50
1695|V000002|202604,1695,V000002,202604,1106698.38,5159.92,4,false,false,0.00,0.00
1695|V000002|202605,1695,V000002,202605,1128832.35,688.95,1,false,true,1106698.38,5159.92
1695|V000002|202606,1695,V000002,202606,1117765.37,4106.74,2,false,true,1128832.35,688.95
1702|V000002|202604,1702,V000002,202604,736573.61,1546.70,1,false,false,0.00,0.00
1702|V000002|202605,1702,V000002,202605,751305.08,3100.21,2,false,true,736573.61,1546.70
1702|V000002|202606,1702,V000002,202606,743939.35,0.00,0,false,true,751305.08,3100.21
1709|V000002|202604,1709,V000002,202604,272925.07,4234.48,4,false,false,0.00,0.00
1709|V000002|202605,1709,V000002,202605,278383.58,1870.88,1,false,true,272925.07,4234.48
1709|V000002|202606,1709,V000002,202606,275654.32,3938.67,3,false,true,278383.58,1870.88
1716|V000002|202604,1716,V000002,202604,1242387.13,8168.49,6,false,false,0.00,0.00
1716|V000002|202605,1716,V000002,202605,1267234.88,8197.74,5,false,true,1242387.13,8168.49
1716|V000002|202606,1716,V000002,202606,1254811.00,3838.89,2,false,true,1267234.88,8197.74
1723|V000002|202604,1723,V000002,202604,642633.44,3240.30,4,false,false,0.00,0.00
1723|V000002|202605,1723,V000002,202605,655486.11,3012.55,2,false,true,642633.44,3240.30
1723|V000002|202606,1723,V000002,202606,649059.77,1870.77,2,false,true,655486.11,3012.55
1730|V000002|202604,1730,V000002,202604,1581598.93,0.00,0,false,false,0.00,0.00
1730|V000002|202605,1730,V000002,202605,1613230.91,952.05,2,false,true,1581598.93,0.00
1730|V000002|202606,1730,V000002,202606,1597414.92,4110.36,3,false,true,1613230.91,952.05
3053|V000002|202604,3053,V000002,202604,252664.20,0.00,0,false,false,0.00,0.00
3053|V000002|202605,3053,V000002,202605,257717.49,1368.80,1,false,true,252664.20,0.00
3053|V000002|202606,3053,V000002,202606,255190.85,1165.45,1,false,true,257717.49,1368.80
3060|V000002|202604,3060,V000002,202604,1157181.78,0.00,0,false,false,0.00,0.00
3060|V000002|202605,3060,V000002,202605,1180325.42,1699.99,1,false,true,1157181.78,0.00
3060|V000002|202606,3060,V000002,202606,1168753.60,978.18,1,false,true,1180325.42,1699.99
3067|V000002|202604,3067,V000002,202604,647947.60,0.00,0,false,false,0.00,0.00
3067|V000002|202605,3067,V000002,202605,660906.56,1771.60,1,false,true,647947.60,0.00
3067|V000002|202606,3067,V000002,202606,654427.08,1569.85,1,false,true,660906.56,1771.60
3074|V000002|202604,3074,V000002,202604,2120149.45,0.00,0,false,false,0.00,0.00
3074|V000002|202605,3074,V000002,202605,2162552.43,1041.05,1,false,true,2120149.45,0.00
3074|V000002|202606,3074,V000002,202606,2141350.94,1308.12,1,false,true,2162552.43,1041.05
3081|V000002|202604,3081,V000002,202604,1356029.47,0.00,0,false,false,0.00,0.00
3081|V000002|202605,3081,V000002,202605,1383150.06,1536.13,1,false,true,1356029.47,0.00
3081|V000002|202606,3081,V000002,202606,1369589.77,1290.04,1,false,true,1383150.06,1536.13
3088|V000002|202604,3088,V000002,202604,1903992.01,0.00,0,false,false,0.00,0.00
3088|V000002|202605,3088,V000002,202605,1942071.85,1071.36,1,false,true,1903992.01,0.00
3088|V000002|202606,3088,V000002,202606,1923031.93,1754.26,1,false,true,1942071.85,1071.36
1737|V000003|202604,1737,V000003,202604,398210.15,9803.52,7,false,false,0.00,0.00
1737|V000003|202605,1737,V000003,202605,406174.35,7955.02,5,false,true,398210.15,9803.52
1737|V000003|202606,1737,V000003,202606,402192.25,2328.66,2,false,true,406174.35,7955.02
1744|V000003|202604,1744,V000003,202604,2328575.42,9523.90,6,false,false,0.00,0.00
1744|V000003|202605,1744,V000003,202605,2375146.92,5707.01,3,false,true,2328575.42,9523.90
1744|V000003|202606,1744,V000003,202606,2351861.17,5434.14,4,false,true,2375146.92,5707.01
1751|V000003|202604,1751,V000003,202604,1524190.65,3427.86,2,false,false,0.00,0.00
1751|V000003|202605,1751,V000003,202605,1554674.46,5349.25,5,false,true,1524190.65,3427.86
1751|V000003|202606,1751,V000003,202606,1539432.56,4139.15,2,false,true,1554674.46,5349.25
1758|V000003|202604,1758,V000003,202604,440734.50,6334.29,3,false,false,0.00,0.00
1758|V000003|202605,1758,V000003,202605,449549.19,6143.18,4,false,true,440734.50,6334.29
1758|V000003|202606,1758,V000003,202606,445141.85,2182.37,2,false,true,449549.19,6143.18
1765|V000003|202604,1765,V000003,202604,1364476.45,5938.69,4,false,false,0.00,0.00
1765|V000003|202605,1765,V000003,202605,1391765.98,1580.95,1,false,true,1364476.45,5938.69
1765|V000003|202606,1765,V000003,202606,1378121.21,5812.56,4,false,true,1391765.98,1580.95
1772|V000003|202604,1772,V000003,202604,2288126.77,5706.69,5,false,false,0.00,0.00
1772|V000003|202605,1772,V000003,202605,2333889.30,8958.16,6,false,true,2288126.77,5706.69
1772|V000003|202606,1772,V000003,202606,2311008.03,2974.48,4,false,true,2333889.30,8958.16
1779|V000003|202604,1779,V000003,202604,197514.81,2265.58,1,false,false,0.00,0.00
1779|V000003|202605,1779,V000003,202605,201465.11,4566.42,3,false,true,197514.81,2265.58
1779|V000003|202606,1779,V000003,202606,199489.96,3726.42,3,false,true,201465.11,4566.42
1786|V000003|202604,1786,V000003,202604,1003173.29,2762.42,3,false,false,0.00,0.00
1786|V000003|202605,1786,V000003,202605,1023236.75,6791.13,4,false,true,1003173.29,2762.42
1786|V000003|202606,1786,V000003,202606,1013205.02,2613.74,4,false,true,1023236.75,6791.13
1793|V000003|202604,1793,V000003,202604,1905975.43,2656.19,2,false,false,0.00,0.00
1793|V000003|202605,1793,V000003,202605,1944094.94,1046.20,1,false,true,1905975.43,2656.19
1793|V000003|202606,1793,V000003,202606,1925035.19,5608.98,3,false,true,1944094.94,1046.20
1800|V000003|202604,1800,V000003,202604,899898.18,2484.08,3,false,false,0.00,0.00
1800|V000003|202605,1800,V000003,202605,917896.14,4000.44,4,false,true,899898.18,2484.08
1800|V000003|202606,1800,V000003,202606,908897.16,9521.40,8,false,true,917896.14,4000.44
3095|V000003|202604,3095,V000003,202604,943576.43,0.00,0,false,false,0.00,0.00
3095|V000003|202605,3095,V000003,202605,962447.96,1023.19,1,false,true,943576.43,0.00
3095|V000003|202606,3095,V000003,202606,953012.19,1506.01,1,false,true,962447.96,1023.19
3102|V000003|202604,3102,V000003,202604,1873529.12,0.00,0,false,false,0.00,0.00
3102|V000003|202605,3102,V000003,202605,1910999.70,1336.06,1,false,true,1873529.12,0.00
3102|V000003|202606,3102,V000003,202606,1892264.41,1154.34,1,false,true,1910999.70,1336.06
3109|V000003|202604,3109,V000003,202604,292795.76,0.00,0,false,false,0.00,0.00
3109|V000003|202605,3109,V000003,202605,298651.67,902.88,1,false,true,292795.76,0.00
3109|V000003|202606,3109,V000003,202606,295723.71,1401.96,1,false,true,298651.67,902.88
3116|V000003|202604,3116,V000003,202604,260734.22,0.00,0,false,false,0.00,0.00
3116|V000003|202605,3116,V000003,202605,265948.90,1276.34,1,false,true,260734.22,0.00
3116|V000003|202606,3116,V000003,202606,263341.56,1242.26,1,false,true,265948.90,1276.34
3123|V000003|202604,3123,V000003,202604,623542.63,0.00,0,false,false,0.00,0.00
3123|V000003|202605,3123,V000003,202605,636013.49,1335.81,1,false,true,623542.63,0.00
3123|V000003|202606,3123,V000003,202606,629778.06,1690.10,1,false,true,636013.49,1335.81
1807|V000004|202604,1807,V000004,202604,1354813.49,7836.50,4,false,false,0.00,0.00
1807|V000004|202605,1807,V000004,202605,1381909.76,6619.69,5,false,true,1354813.49,7836.50
1807|V000004|202606,1807,V000004,202606,1368361.63,4609.07,3,false,true,1381909.76,6619.69
1814|V000004|202604,1814,V000004,202604,2366738.92,2677.88,2,false,false,0.00,0.00
1814|V000004|202605,1814,V000004,202605,2414073.70,8542.89,5,false,true,2366738.92,2677.88
1814|V000004|202606,1814,V000004,202606,2390406.31,1408.98,4,false,true,2414073.70,8542.89
1821|V000004|202604,1821,V000004,202604,2035835.37,3716.68,3,false,false,0.00,0.00
1821|V000004|202605,1821,V000004,202605,2076552.08,7675.97,5,false,true,2035835.37,3716.68
1821|V000004|202606,1821,V000004,202606,2056193.72,7396.14,4,false,true,2076552.08,7675.97
1828|V000004|202604,1828,V000004,202604,1039934.15,5687.60,5,false,false,0.00,0.00
1828|V000004|202605,1828,V000004,202605,1060732.83,4562.96,4,false,true,1039934.15,5687.60
1828|V000004|202606,1828,V000004,202606,1050333.49,4502.42,4,false,true,1060732.83,4562.96
1835|V000004|202604,1835,V000004,202604,1765096.14,3859.88,4,false,false,0.00,0.00
1835|V000004|202605,1835,V000004,202605,1800398.06,3714.09,2,false,true,1765096.14,3859.88
1835|V000004|202606,1835,V000004,202606,1782747.10,4786.44,3,false,true,1800398.06,3714.09
1842|V000004|202604,1842,V000004,202604,802921.84,9361.83,6,false,false,0.00,0.00
1842|V000004|202605,1842,V000004,202605,818980.28,2218.70,2,false,true,802921.84,9361.83
1842|V000004|202606,1842,V000004,202606,810951.06,2208.73,1,false,true,818980.28,2218.70
1849|V000004|202604,1849,V000004,202604,513159.40,6891.04,5,false,false,0.00,0.00
1849|V000004|202605,1849,V000004,202605,523422.59,4349.92,2,false,true,513159.40,6891.04
1849|V000004|202606,1849,V000004,202606,518290.99,2552.85,1,false,true,523422.59,4349.92
1856|V000004|202604,1856,V000004,202604,991229.89,6764.16,5,false,false,0.00,0.00
1856|V000004|202605,1856,V000004,202605,1011054.48,11114.14,6,false,true,991229.89,6764.16
1856|V000004|202606,1856,V000004,202606,1001142.18,9421.06,6,false,true,1011054.48,11114.14
1863|V000004|202604,1863,V000004,202604,1080139.38,2630.29,2,false,false,0.00,0.00
1863|V000004|202605,1863,V000004,202605,1101742.17,7823.40,5,false,true,1080139.38,2630.29
1863|V000004|202606,1863,V000004,202606,1090940.77,9827.18,9,false,true,1101742.17,7823.40
1870|V000004|202604,1870,V000004,202604,1394140.13,6709.79,4,false,false,0.00,0.00
1870|V000004|202605,1870,V000004,202605,1422022.94,7200.54,4,false,true,1394140.13,6709.79
1870|V000004|202606,1870,V000004,202606,1408081.53,8145.96,5,false,true,1422022.94,7200.54
1877|V000005|202604,1877,V000005,202604,709583.43,5992.60,5,false,false,0.00,0.00
1877|V000005|202605,1877,V000005,202605,723775.10,0.00,0,false,true,709583.43,5992.60
1877|V000005|202606,1877,V000005,202606,716679.27,860.44,1,false,true,723775.10,0.00
1884|V000005|202604,1884,V000005,202604,180692.00,7038.16,5,false,false,0.00,0.00
1884|V000005|202605,1884,V000005,202605,184305.84,3176.38,2,false,true,180692.00,7038.16
1884|V000005|202606,1884,V000005,202606,182498.92,3542.64,4,false,true,184305.84,3176.38
1891|V000005|202604,1891,V000005,202604,2052334.41,2435.84,1,false,false,0.00,0.00
1891|V000005|202605,1891,V000005,202605,2093381.10,6797.08,5,false,true,2052334.41,2435.84
1891|V000005|202606,1891,V000005,202606,2072857.76,3749.56,5,false,true,2093381.10,6797.08
1898|V000005|202604,1898,V000005,202604,1849024.08,0.00,0,false,false,0.00,0.00
1898|V000005|202605,1898,V000005,202605,1886004.56,1292.82,1,false,true,1849024.08,0.00
1898|V000005|202606,1898,V000005,202606,1867514.32,2043.49,3,false,true,1886004.56,1292.82
1905|V000005|202604,1905,V000005,202604,1334749.61,8217.75,5,false,false,0.00,0.00
1905|V000005|202605,1905,V000005,202605,1361444.60,6378.13,6,false,true,1334749.61,8217.75
1905|V000005|202606,1905,V000005,202606,1348097.11,3322.63,2,false,true,1361444.60,6378.13
1912|V000005|202604,1912,V000005,202604,1278373.47,4775.30,4,false,false,0.00,0.00
1912|V000005|202605,1912,V000005,202605,1303940.94,8420.96,6,false,true,1278373.47,4775.30
1912|V000005|202606,1912,V000005,202606,1291157.21,1654.81,1,false,true,1303940.94,8420.96
1919|V000005|202604,1919,V000005,202604,1930522.79,3112.19,2,false,false,0.00,0.00
1919|V000005|202605,1919,V000005,202605,1969133.24,1428.56,1,false,true,1930522.79,3112.19
1919|V000005|202606,1919,V000005,202606,1949828.02,5731.86,4,false,true,1969133.24,1428.56
1926|V000005|202604,1926,V000005,202604,245141.63,5001.29,3,false,false,0.00,0.00
1926|V000005|202605,1926,V000005,202605,250044.46,1412.31,2,false,true,245141.63,5001.29
1926|V000005|202606,1926,V000005,202606,247593.04,3073.78,2,false,true,250044.46,1412.31
1933|V000005|202604,1933,V000005,202604,786951.87,1645.00,2,false,false,0.00,0.00
1933|V000005|202605,1933,V000005,202605,802690.91,2909.02,3,false,true,786951.87,1645.00
1933|V000005|202606,1933,V000005,202606,794821.39,5047.17,4,false,true,802690.91,2909.02
1940|V000005|202604,1940,V000005,202604,204549.82,2594.41,3,false,false,0.00,0.00
1940|V000005|202605,1940,V000005,202605,208640.81,6394.07,4,false,true,204549.82,2594.41
1940|V000005|202606,1940,V000005,202606,206595.31,4695.06,4,false,true,208640.81,6394.07
1947|V000006|202604,1947,V000006,202604,1570999.88,6688.97,3,false,false,0.00,0.00
1947|V000006|202605,1947,V000006,202605,1602419.88,338.64,1,false,true,1570999.88,6688.97
1947|V000006|202606,1947,V000006,202606,1586709.88,2089.36,3,false,true,1602419.88,338.64
1954|V000006|202604,1954,V000006,202604,1698157.57,0.00,0,false,false,0.00,0.00
1954|V000006|202605,1954,V000006,202605,1732120.72,1630.61,1,false,true,1698157.57,0.00
1954|V000006|202606,1954,V000006,202606,1715139.15,3187.61,3,false,true,1732120.72,1630.61
1961|V000006|202604,1961,V000006,202604,226000.53,730.31,1,false,false,0.00,0.00
1961|V000006|202605,1961,V000006,202605,230520.54,3394.07,2,false,true,226000.53,730.31
1961|V000006|202606,1961,V000006,202606,228260.54,3284.85,2,false,true,230520.54,3394.07
1968|V000006|202604,1968,V000006,202604,1837309.63,4511.30,3,false,false,0.00,0.00
1968|V000006|202605,1968,V000006,202605,1874055.82,3295.55,2,false,true,1837309.63,4511.30
1968|V000006|202606,1968,V000006,202606,1855682.73,1319.33,2,false,true,1874055.82,3295.55
1975|V000006|202604,1975,V000006,202604,1979240.64,2718.04,2,false,false,0.00,0.00
1975|V000006|202605,1975,V000006,202605,2018825.46,7208.94,6,false,true,1979240.64,2718.04
1975|V000006|202606,1975,V000006,202606,1999033.05,827.52,1,false,true,2018825.46,7208.94
1982|V000006|202604,1982,V000006,202604,1000177.66,8914.57,4,false,false,0.00,0.00
1982|V000006|202605,1982,V000006,202605,1020181.21,6237.95,5,false,true,1000177.66,8914.57
1982|V000006|202606,1982,V000006,202606,1010179.43,1872.61,2,false,true,1020181.21,6237.95
1989|V000006|202604,1989,V000006,202604,1051689.61,1967.07,2,false,false,0.00,0.00
1989|V000006|202605,1989,V000006,202605,1072723.40,0.00,0,false,true,1051689.61,1967.07
1989|V000006|202606,1989,V000006,202606,1062206.50,0.00,0,false,true,1072723.40,0.00
1996|V000006|202604,1996,V000006,202604,1991165.75,8180.90,4,false,false,0.00,0.00
1996|V000006|202605,1996,V000006,202605,2030989.06,7666.13,4,false,true,1991165.75,8180.90
1996|V000006|202606,1996,V000006,202606,2011077.40,2012.56,1,false,true,2030989.06,7666.13
2003|V000006|202604,2003,V000006,202604,2122398.70,958.88,1,false,false,0.00,0.00
2003|V000006|202605,2003,V000006,202605,2164846.67,3350.38,2,false,true,2122398.70,958.88
2003|V000006|202606,2003,V000006,202606,2143622.68,4824.33,4,false,true,2164846.67,3350.38
2010|V000006|202604,2010,V000006,202604,2089463.31,3165.40,3,false,false,0.00,0.00
2010|V000006|202605,2010,V000006,202605,2131252.58,0.00,0,false,true,2089463.31,3165.40
2010|V000006|202606,2010,V000006,202606,2110357.95,6136.37,4,false,true,2131252.58,0.00
2017|V000007|202604,2017,V000007,202604,322185.93,2766.41,4,false,false,0.00,0.00
2017|V000007|202605,2017,V000007,202605,328629.65,4310.67,3,false,true,322185.93,2766.41
2017|V000007|202606,2017,V000007,202606,325407.79,3519.27,3,false,true,328629.65,4310.67
2024|V000007|202604,2024,V000007,202604,1285146.74,3298.38,3,false,false,0.00,0.00
2024|V000007|202605,2024,V000007,202605,1310849.68,6758.97,6,false,true,1285146.74,3298.38
2024|V000007|202606,2024,V000007,202606,1297998.21,1815.09,3,false,true,1310849.68,6758.97
2031|V000007|202604,2031,V000007,202604,1732850.79,4937.31,3,false,false,0.00,0.00
2031|V000007|202605,2031,V000007,202605,1767507.81,7938.09,4,false,true,1732850.79,4937.31
2031|V000007|202606,2031,V000007,202606,1750179.30,9707.23,7,false,true,1767507.81,7938.09
2038|V000007|202604,2038,V000007,202604,1798437.37,6095.76,5,false,false,0.00,0.00
2038|V000007|202605,2038,V000007,202605,1834406.12,3250.05,3,false,true,1798437.37,6095.76
2038|V000007|202606,2038,V000007,202606,1816421.74,12932.72,7,false,true,1834406.12,3250.05
2045|V000007|202604,2045,V000007,202604,195346.90,10042.62,6,false,false,0.00,0.00
2045|V000007|202605,2045,V000007,202605,199253.84,3263.32,3,false,true,195346.90,10042.62
2045|V000007|202606,2045,V000007,202606,197300.37,4626.68,3,false,true,199253.84,3263.32
2052|V000007|202604,2052,V000007,202604,1820966.96,4802.38,3,false,false,0.00,0.00
2052|V000007|202605,2052,V000007,202605,1857386.30,9801.23,5,false,true,1820966.96,4802.38
2052|V000007|202606,2052,V000007,202606,1839176.63,3739.02,2,false,true,1857386.30,9801.23
2059|V000007|202604,2059,V000007,202604,1368820.40,3357.70,3,false,false,0.00,0.00
2059|V000007|202605,2059,V000007,202605,1396196.80,8136.88,6,false,true,1368820.40,3357.70
2059|V000007|202606,2059,V000007,202606,1382508.60,8129.65,5,false,true,1396196.80,8136.88
2066|V000007|202604,2066,V000007,202604,2217692.77,7544.56,7,false,false,0.00,0.00
2066|V000007|202605,2066,V000007,202605,2262046.63,2520.57,1,false,true,2217692.77,7544.56
2066|V000007|202606,2066,V000007,202606,2239869.70,2367.22,2,false,true,2262046.63,2520.57
2073|V000007|202604,2073,V000007,202604,365002.52,8805.70,6,false,false,0.00,0.00
2073|V000007|202605,2073,V000007,202605,372302.57,7923.66,5,false,true,365002.52,8805.70
2073|V000007|202606,2073,V000007,202606,368652.54,4955.41,3,false,true,372302.57,7923.66
2080|V000007|202604,2080,V000007,202604,1473440.53,0.00,0,false,false,0.00,0.00
2080|V000007|202605,2080,V000007,202605,1502909.34,5963.52,4,false,true,1473440.53,0.00
2080|V000007|202606,2080,V000007,202606,1488174.94,6300.26,5,false,true,1502909.34,5963.52
2087|V000008|202604,2087,V000008,202604,1030028.77,1101.84,3,false,false,0.00,0.00
2087|V000008|202605,2087,V000008,202605,1050629.35,0.00,0,false,true,1030028.77,1101.84
2087|V000008|202606,2087,V000008,202606,1040329.06,5412.76,4,false,true,1050629.35,0.00
2094|V000008|202604,2094,V000008,202604,2020811.36,11547.01,9,false,false,0.00,0.00
2094|V000008|202605,2094,V000008,202605,2061227.59,8233.29,5,false,true,2020811.36,11547.01
2094|V000008|202606,2094,V000008,202606,2041019.47,6403.22,4,false,true,2061227.59,8233.29
2101|V000008|202604,2101,V000008,202604,2083431.88,11392.67,6,false,false,0.00,0.00
2101|V000008|202605,2101,V000008,202605,2125100.52,1988.39,2,false,true,2083431.88,11392.67
2101|V000008|202606,2101,V000008,202606,2104266.20,6303.48,4,false,true,2125100.52,1988.39
2108|V000008|202604,2108,V000008,202604,1915736.45,2887.32,3,false,false,0.00,0.00
2108|V000008|202605,2108,V000008,202605,1954051.18,3679.79,2,false,true,1915736.45,2887.32
2108|V000008|202606,2108,V000008,202606,1934893.82,3587.32,2,false,true,1954051.18,3679.79
2115|V000008|202604,2115,V000008,202604,1106593.59,1310.97,1,false,false,0.00,0.00
2115|V000008|202605,2115,V000008,202605,1128725.46,11552.60,7,false,true,1106593.59,1310.97
2115|V000008|202606,2115,V000008,202606,1117659.53,5790.91,5,false,true,1128725.46,11552.60
2122|V000008|202604,2122,V000008,202604,1822837.55,0.00,0,false,false,0.00,0.00
2122|V000008|202605,2122,V000008,202605,1859294.31,6873.41,6,false,true,1822837.55,0.00
2122|V000008|202606,2122,V000008,202606,1841065.93,8157.05,4,false,true,1859294.31,6873.41
2129|V000008|202604,2129,V000008,202604,829846.45,6714.30,6,false,false,0.00,0.00
2129|V000008|202605,2129,V000008,202605,846443.38,2558.47,2,false,true,829846.45,6714.30
2129|V000008|202606,2129,V000008,202606,838144.91,7797.90,5,false,true,846443.38,2558.47
2136|V000008|202604,2136,V000008,202604,1182537.69,4290.27,5,false,false,0.00,0.00
2136|V000008|202605,2136,V000008,202605,1206188.44,3503.69,3,false,true,1182537.69,4290.27
2136|V000008|202606,2136,V000008,202606,1194363.06,7414.18,5,false,true,1206188.44,3503.69
2143|V000008|202604,2143,V000008,202604,374278.24,9710.76,6,false,false,0.00,0.00
2143|V000008|202605,2143,V000008,202605,381763.81,12183.46,10,false,true,374278.24,9710.76
2143|V000008|202606,2143,V000008,202606,378021.02,4891.99,4,false,true,381763.81,12183.46
2150|V000008|202604,2150,V000008,202604,2330840.37,6252.44,5,false,false,0.00,0.00
2150|V000008|202605,2150,V000008,202605,2377457.18,9714.15,7,false,true,2330840.37,6252.44
2150|V000008|202606,2150,V000008,202606,2354148.78,9204.90,7,false,true,2377457.18,9714.15
2157|V000009|202604,2157,V000009,202604,1446452.66,3262.58,2,false,false,0.00,0.00
2157|V000009|202605,2157,V000009,202605,1475381.71,5016.80,5,false,true,1446452.66,3262.58
2157|V000009|202606,2157,V000009,202606,1460917.19,4963.38,3,false,true,1475381.71,5016.80
2164|V000009|202604,2164,V000009,202604,997306.63,7793.32,4,false,false,0.00,0.00
2164|V000009|202605,2164,V000009,202605,1017252.76,1493.95,1,false,true,997306.63,7793.32
2164|V000009|202606,2164,V000009,202606,1007279.70,2564.08,2,false,true,1017252.76,1493.95
2171|V000009|202604,2171,V000009,202604,1116452.78,6561.37,5,false,false,0.00,0.00
2171|V000009|202605,2171,V000009,202605,1138781.84,0.00,0,false,true,1116452.78,6561.37
2171|V000009|202606,2171,V000009,202606,1127617.31,3198.82,2,false,true,1138781.84,0.00
2178|V000009|202604,2178,V000009,202604,650069.15,5155.55,3,false,false,0.00,0.00
2178|V000009|202605,2178,V000009,202605,663070.54,4215.79,4,false,true,650069.15,5155.55
2178|V000009|202606,2178,V000009,202606,656569.85,3144.42,2,false,true,663070.54,4215.79
2185|V000009|202604,2185,V000009,202604,1064244.11,3466.55,4,false,false,0.00,0.00
2185|V000009|202605,2185,V000009,202605,1085528.99,1301.32,1,false,true,1064244.11,3466.55
2185|V000009|202606,2185,V000009,202606,1074886.55,1614.93,2,false,true,1085528.99,1301.32
2192|V000009|202604,2192,V000009,202604,776755.28,0.00,0,false,false,0.00,0.00
2192|V000009|202605,2192,V000009,202605,792290.38,3401.71,3,false,true,776755.28,0.00
2192|V000009|202606,2192,V000009,202606,784522.83,1316.85,2,false,true,792290.38,3401.71
2199|V000009|202604,2199,V000009,202604,789951.72,6175.40,4,false,false,0.00,0.00
2199|V000009|202605,2199,V000009,202605,805750.75,1302.39,3,false,true,789951.72,6175.40
2199|V000009|202606,2199,V000009,202606,797851.23,2215.34,2,false,true,805750.75,1302.39
2206|V000009|202604,2206,V000009,202604,1731478.79,9843.92,5,false,false,0.00,0.00
2206|V000009|202605,2206,V000009,202605,1766108.37,9783.97,6,false,true,1731478.79,9843.92
2206|V000009|202606,2206,V000009,202606,1748793.58,3865.53,3,false,true,1766108.37,9783.97
2213|V000009|202604,2213,V000009,202604,1289835.39,2887.48,3,false,false,0.00,0.00
2213|V000009|202605,2213,V000009,202605,1315632.09,871.44,1,false,true,1289835.39,2887.48
2213|V000009|202606,2213,V000009,202606,1302733.74,4460.61,3,false,true,1315632.09,871.44
2220|V000009|202604,2220,V000009,202604,1010418.76,5587.91,3,false,false,0.00,0.00
2220|V000009|202605,2220,V000009,202605,1030627.13,2634.39,3,false,true,1010418.76,5587.91
2220|V000009|202606,2220,V000009,202606,1020522.94,6977.22,4,false,true,1030627.13,2634.39
2997|V000009|202604,2997,V000009,202604,0.00,0.00,0,true,false,0.00,0.00
2997|V000009|202605,2997,V000009,202605,2432288.33,7394.33,7,false,true,0.00,0.00
2997|V000009|202606,2997,V000009,202606,2408442.36,1487.33,2,false,true,2432288.33,7394.33
3025|V000009|202604,3025,V000009,202604,0.00,0.00,0,true,false,0.00,0.00
3025|V000009|202605,3025,V000009,202605,1822744.36,2302.20,3,false,true,0.00,0.00
3025|V000009|202606,3025,V000009,202606,1804874.31,13622.08,10,false,true,1822744.36,2302.20
2227|V000010|202604,2227,V000010,202604,2290779.11,2785.68,3,false,false,0.00,0.00
2227|V000010|202605,2227,V000010,202605,2336594.70,6551.95,4,false,true,2290779.11,2785.68
2227|V000010|202606,2227,V000010,202606,2313686.91,4037.38,4,false,true,2336594.70,6551.95
2234|V000010|202604,2234,V000010,202604,1866075.86,0.00,0,false,false,0.00,0.00
2234|V000010|202605,2234,V000010,202605,1903397.38,7061.77,5,false,true,1866075.86,0.00
2234|V000010|202606,2234,V000010,202606,1884736.62,4075.51,4,false,true,1903397.38,7061.77
2241|V000010|202604,2241,V000010,202604,1757802.15,12241.44,9,false,false,0.00,0.00
2241|V000010|202605,2241,V000010,202605,1792958.19,4113.42,3,false,true,1757802.15,12241.44
2241|V000010|202606,2241,V000010,202606,1775380.17,4028.77,4,false,true,1792958.19,4113.42
2248|V000010|202604,2248,V000010,202604,1167608.29,2351.38,1,false,false,0.00,0.00
2248|V000010|202605,2248,V000010,202605,1190960.46,753.29,1,false,true,1167608.29,2351.38
2248|V000010|202606,2248,V000010,202606,1179284.38,1461.29,1,false,true,1190960.46,753.29
2255|V000010|202604,2255,V000010,202604,1450228.85,4037.35,5,false,false,0.00,0.00
2255|V000010|202605,2255,V000010,202605,1479233.43,1484.21,1,false,true,1450228.85,4037.35
2255|V000010|202606,2255,V000010,202606,1464731.14,2059.08,1,false,true,1479233.43,1484.21
2262|V000010|202604,2262,V000010,202604,206006.71,8046.63,4,false,false,0.00,0.00
2262|V000010|202605,2262,V000010,202605,210126.84,4718.15,4,false,true,206006.71,8046.63
2262|V000010|202606,2262,V000010,202606,208066.78,5050.81,4,false,true,210126.84,4718.15
2269|V000010|202604,2269,V000010,202604,1885213.03,0.00,0,false,false,0.00,0.00
2269|V000010|202605,2269,V000010,202605,1922917.29,662.69,1,false,true,1885213.03,0.00
2269|V000010|202606,2269,V000010,202606,1904065.16,7625.47,5,false,true,1922917.29,662.69
2276|V000010|202604,2276,V000010,202604,1155941.89,5984.67,4,false,false,0.00,0.00
2276|V000010|202605,2276,V000010,202605,1179060.73,8739.10,5,false,true,1155941.89,5984.67
2276|V000010|202606,2276,V000010,202606,1167501.31,3584.31,3,false,true,1179060.73,8739.10
2283|V000010|202604,2283,V000010,202604,1222814.21,2207.99,2,false,false,0.00,0.00
2283|V000010|202605,2283,V000010,202605,1247270.50,2127.77,3,false,true,1222814.21,2207.99
2283|V000010|202606,2283,V000010,202606,1235042.36,4145.33,4,false,true,1247270.50,2127.77
2290|V000010|202604,2290,V000010,202604,395134.02,2234.02,1,false,false,0.00,0.00
2290|V000010|202605,2290,V000010,202605,403036.70,8815.33,5,false,true,395134.02,2234.02
2290|V000010|202606,2290,V000010,202606,399085.36,2942.17,3,false,true,403036.70,8815.33
3004|V000010|202604,3004,V000010,202604,0.00,0.00,0,true,false,0.00,0.00
3004|V000010|202605,3004,V000010,202605,865849.54,2214.61,1,false,true,0.00,0.00
3004|V000010|202606,3004,V000010,202606,857360.82,2469.42,1,false,true,865849.54,2214.61
3032|V000010|202604,3032,V000010,202604,0.00,0.00,0,true,false,0.00,0.00
3032|V000010|202605,3032,V000010,202605,482955.04,6325.29,3,false,true,0.00,0.00
3032|V000010|202606,3032,V000010,202606,478220.19,1838.74,2,false,true,482955.04,6325.29
2297|V000011|202604,2297,V000011,202604,1567306.12,2435.53,3,false,false,0.00,0.00
2297|V000011|202605,2297,V000011,202605,1598652.24,1405.05,2,false,true,1567306.12,2435.53
2297|V000011|202606,2297,V000011,202606,1582979.18,1315.50,2,false,true,1598652.24,1405.05
2304|V000011|202604,2304,V000011,202604,338177.72,3959.85,2,false,false,0.00,0.00
2304|V000011|202605,2304,V000011,202605,344941.27,3259.87,2,false,true,338177.72,3959.85
2304|V000011|202606,2304,V000011,202606,341559.49,3198.03,4,false,true,344941.27,3259.87
2311|V000011|202604,2311,V000011,202604,1411992.20,3997.36,3,false,false,0.00,0.00
2311|V000011|202605,2311,V000011,202605,1440232.05,2919.25,3,false,true,1411992.20,3997.36
2311|V000011|202606,2311,V000011,202606,1426112.12,5953.34,4,false,true,1440232.05,2919.25
2318|V000011|202604,2318,V000011,202604,617284.09,3942.28,4,false,false,0.00,0.00
2318|V000011|202605,2318,V000011,202605,629629.77,6415.80,6,false,true,617284.09,3942.28
2318|V000011|202606,2318,V000011,202606,623456.93,1642.16,1,false,true,629629.77,6415.80
2325|V000011|202604,2325,V000011,202604,2269709.88,0.00,0,false,false,0.00,0.00
2325|V000011|202605,2325,V000011,202605,2315104.08,5812.66,3,false,true,2269709.88,0.00
2325|V000011|202606,2325,V000011,202606,2292406.98,3534.62,3,false,true,2315104.08,5812.66
2332|V000011|202604,2332,V000011,202604,1485171.45,3059.32,2,false,false,0.00,0.00
2332|V000011|202605,2332,V000011,202605,1514874.88,6062.30,4,false,true,1485171.45,3059.32
2332|V000011|202606,2332,V000011,202606,1500023.16,5556.91,4,false,true,1514874.88,6062.30
2339|V000011|202604,2339,V000011,202604,338749.75,3672.70,3,false,false,0.00,0.00
2339|V000011|202605,2339,V000011,202605,345524.74,5835.50,4,false,true,338749.75,3672.70
2339|V000011|202606,2339,V000011,202606,342137.25,9023.09,6,false,true,345524.74,5835.50
2346|V000011|202604,2346,V000011,202604,1057188.91,5101.09,3,false,false,0.00,0.00
2346|V000011|202605,2346,V000011,202605,1078332.69,9168.71,5,false,true,1057188.91,5101.09
2346|V000011|202606,2346,V000011,202606,1067760.80,8763.77,5,false,true,1078332.69,9168.71
2353|V000011|202604,2353,V000011,202604,2035658.39,7404.39,6,false,false,0.00,0.00
2353|V000011|202605,2353,V000011,202605,2076371.56,5468.44,3,false,true,2035658.39,7404.39
2353|V000011|202606,2353,V000011,202606,2056014.98,2656.57,2,false,true,2076371.56,5468.44
2360|V000011|202604,2360,V000011,202604,1327662.76,5699.65,5,false,false,0.00,0.00
2360|V000011|202605,2360,V000011,202605,1354216.01,1942.94,1,false,true,1327662.76,5699.65
2360|V000011|202606,2360,V000011,202606,1340939.38,4877.67,3,false,true,1354216.01,1942.94
3011|V000011|202604,3011,V000011,202604,0.00,0.00,0,true,false,0.00,0.00
3011|V000011|202605,3011,V000011,202605,2079996.77,8540.54,5,false,true,0.00,0.00
3011|V000011|202606,3011,V000011,202606,2059604.65,516.90,1,false,true,2079996.77,8540.54
3039|V000011|202604,3039,V000011,202604,0.00,0.00,0,true,false,0.00,0.00
3039|V000011|202605,3039,V000011,202605,1898534.77,2494.51,1,false,true,0.00,0.00
3039|V000011|202606,3039,V000011,202606,1879921.68,4910.99,4,false,true,1898534.77,2494.51
2367|V000012|202604,2367,V000012,202604,282599.16,1480.69,1,false,false,0.00,0.00
2367|V000012|202605,2367,V000012,202605,288251.14,4304.71,4,false,true,282599.16,1480.69
2367|V000012|202606,2367,V000012,202606,285425.15,1317.93,1,false,true,288251.14,4304.71
2374|V000012|202604,2374,V000012,202604,1260189.92,7287.24,6,false,false,0.00,0.00
2374|V000012|202605,2374,V000012,202605,1285393.72,3198.05,2,false,true,1260189.92,7287.24
2374|V000012|202606,2374,V000012,202606,1272791.82,2061.21,3,false,true,1285393.72,3198.05
2381|V000012|202604,2381,V000012,202604,1076681.81,4248.88,3,false,false,0.00,0.00
2381|V000012|202605,2381,V000012,202605,1098215.45,5417.34,3,false,true,1076681.81,4248.88
2381|V000012|202606,2381,V000012,202606,1087448.63,1414.96,1,false,true,1098215.45,5417.34
2388|V000012|202604,2388,V000012,202604,1816150.04,2228.81,2,false,false,0.00,0.00
2388|V000012|202605,2388,V000012,202605,1852473.04,6970.61,4,false,true,1816150.04,2228.81
2388|V000012|202606,2388,V000012,202606,1834311.54,3652.42,2,false,true,1852473.04,6970.61
2395|V000012|202604,2395,V000012,202604,2027227.70,6163.68,5,false,false,0.00,0.00
2395|V000012|202605,2395,V000012,202605,2067772.25,398.62,1,false,true,2027227.70,6163.68
2395|V000012|202606,2395,V000012,202606,2047499.98,5594.45,3,false,true,2067772.25,398.62
2402|V000012|202604,2402,V000012,202604,232146.85,4248.66,3,false,false,0.00,0.00
2402|V000012|202605,2402,V000012,202605,236789.78,5552.87,4,false,true,232146.85,4248.66
2402|V000012|202606,2402,V000012,202606,234468.32,2645.15,2,false,true,236789.78,5552.87
2409|V000012|202604,2409,V000012,202604,1700244.60,921.41,2,false,false,0.00,0.00
2409|V000012|202605,2409,V000012,202605,1734249.49,7201.16,4,false,true,1700244.60,921.41
2409|V000012|202606,2409,V000012,202606,1717247.05,6885.26,4,false,true,1734249.49,7201.16
2416|V000012|202604,2416,V000012,202604,1497142.70,996.44,1,false,false,0.00,0.00
2416|V000012|202605,2416,V000012,202605,1527085.56,5363.28,5,false,true,1497142.70,996.44
2416|V000012|202606,2416,V000012,202606,1512114.13,3385.94,3,false,true,1527085.56,5363.28
2423|V000012|202604,2423,V000012,202604,2110712.81,759.70,1,false,false,0.00,0.00
2423|V000012|202605,2423,V000012,202605,2152927.07,1907.33,3,false,true,2110712.81,759.70
2423|V000012|202606,2423,V000012,202606,2131819.94,4964.85,5,false,true,2152927.07,1907.33
2430|V000012|202604,2430,V000012,202604,753326.02,2759.98,2,false,false,0.00,0.00
2430|V000012|202605,2430,V000012,202605,768392.54,803.76,1,false,true,753326.02,2759.98
2430|V000012|202606,2430,V000012,202606,760859.28,8507.74,6,false,true,768392.54,803.76
3018|V000012|202604,3018,V000012,202604,0.00,0.00,0,true,false,0.00,0.00
3018|V000012|202605,3018,V000012,202605,633169.49,4232.42,3,false,true,0.00,0.00
3018|V000012|202606,3018,V000012,202606,626961.94,4403.95,3,false,true,633169.49,4232.42
3046|V000012|202604,3046,V000012,202604,0.00,0.00,0,true,false,0.00,0.00
3046|V000012|202605,3046,V000012,202605,1443729.79,4156.49,2,false,true,0.00,0.00
3046|V000012|202606,3046,V000012,202606,1429575.58,4471.58,3,false,true,1443729.79,4156.49
2437|V000013|202604,2437,V000013,202604,1249635.50,4459.16,5,false,false,0.00,0.00
2437|V000013|202605,2437,V000013,202605,0.00,0.00,0,true,true,1249635.50,4459.16
2437|V000013|202606,2437,V000013,202606,0.00,0.00,0,true,true,0.00,0.00
2444|V000013|202604,2444,V000013,202604,1274584.80,4414.71,3,false,false,0.00,0.00
2444|V000013|202605,2444,V000013,202605,0.00,0.00,0,true,true,1274584.80,4414.71
2444|V000013|202606,2444,V000013,202606,0.00,0.00,0,true,true,0.00,0.00
2451|V000013|202604,2451,V000013,202604,2308819.39,8544.08,5,false,false,0.00,0.00
2451|V000013|202605,2451,V000013,202605,0.00,0.00,0,true,true,2308819.39,8544.08
2451|V000013|202606,2451,V000013,202606,0.00,0.00,0,true,true,0.00,0.00
2458|V000013|202604,2458,V000013,202604,680413.51,3730.30,2,false,false,0.00,0.00
2458|V000013|202605,2458,V000013,202605,0.00,0.00,0,true,true,680413.51,3730.30
2458|V000013|202606,2458,V000013,202606,0.00,0.00,0,true,true,0.00,0.00
2465|V000013|202604,2465,V000013,202604,1188087.07,4993.68,4,false,false,0.00,0.00
2465|V000013|202605,2465,V000013,202605,0.00,0.00,0,true,true,1188087.07,4993.68
2465|V000013|202606,2465,V000013,202606,0.00,0.00,0,true,true,0.00,0.00
2472|V000013|202604,2472,V000013,202604,1236741.75,3433.76,3,false,false,0.00,0.00
2472|V000013|202605,2472,V000013,202605,0.00,0.00,0,true,true,1236741.75,3433.76
2472|V000013|202606,2472,V000013,202606,0.00,0.00,0,true,true,0.00,0.00
2479|V000013|202604,2479,V000013,202604,1398316.30,3904.13,4,false,false,0.00,0.00
2479|V000013|202605,2479,V000013,202605,0.00,0.00,0,true,true,1398316.30,3904.13
2479|V000013|202606,2479,V000013,202606,0.00,0.00,0,true,true,0.00,0.00
2486|V000013|202604,2486,V000013,202604,1814291.23,6586.11,5,false,false,0.00,0.00
2486|V000013|202605,2486,V000013,202605,0.00,0.00,0,true,true,1814291.23,6586.11
2486|V000013|202606,2486,V000013,202606,0.00,0.00,0,true,true,0.00,0.00
2493|V000013|202604,2493,V000013,202604,1799405.96,3987.83,4,false,false,0.00,0.00
2493|V000013|202605,2493,V000013,202605,0.00,0.00,0,true,true,1799405.96,3987.83
2493|V000013|202606,2493,V000013,202606,0.00,0.00,0,true,true,0.00,0.00
2500|V000013|202604,2500,V000013,202604,2222768.38,5886.25,5,false,false,0.00,0.00
2500|V000013|202605,2500,V000013,202605,0.00,0.00,0,true,true,2222768.38,5886.25
2500|V000013|202606,2500,V000013,202606,0.00,0.00,0,true,true,0.00,0.00
2507|V000014|202604,2507,V000014,202604,1107829.56,10253.10,6,false,false,0.00,0.00
2507|V000014|202605,2507,V000014,202605,1129986.15,7216.78,5,false,true,1107829.56,10253.10
2507|V000014|202606,2507,V000014,202606,1118907.85,0.00,0,false,true,1129986.15,7216.78
2514|V000014|202604,2514,V000014,202604,324385.00,4645.61,3,false,false,0.00,0.00
2514|V000014|202605,2514,V000014,202605,330872.70,1123.56,1,false,true,324385.00,4645.61
2514|V000014|202606,2514,V000014,202606,327628.85,2392.93,3,false,true,330872.70,1123.56
2521|V000014|202604,2521,V000014,202604,436385.59,1379.90,1,false,false,0.00,0.00
2521|V000014|202605,2521,V000014,202605,445113.30,2537.46,1,false,true,436385.59,1379.90
2521|V000014|202606,2521,V000014,202606,440749.44,4576.39,2,false,true,445113.30,2537.46
2528|V000014|202604,2528,V000014,202604,180655.17,3244.59,4,false,false,0.00,0.00
2528|V000014|202605,2528,V000014,202605,184268.27,6123.71,5,false,true,180655.17,3244.59
2528|V000014|202606,2528,V000014,202606,182461.72,4388.02,3,false,true,184268.27,6123.71
2535|V000014|202604,2535,V000014,202604,1319862.79,2254.84,1,false,false,0.00,0.00
2535|V000014|202605,2535,V000014,202605,1346260.05,1694.01,1,false,true,1319862.79,2254.84
2535|V000014|202606,2535,V000014,202606,1333061.42,1093.18,3,false,true,1346260.05,1694.01
2542|V000014|202604,2542,V000014,202604,423324.80,6464.90,5,false,false,0.00,0.00
2542|V000014|202605,2542,V000014,202605,431791.29,5321.60,3,false,true,423324.80,6464.90
2542|V000014|202606,2542,V000014,202606,427558.04,5103.16,5,false,true,431791.29,5321.60
2549|V000014|202604,2549,V000014,202604,594077.13,451.32,1,false,false,0.00,0.00
2549|V000014|202605,2549,V000014,202605,605958.67,7259.56,5,false,true,594077.13,451.32
2549|V000014|202606,2549,V000014,202606,600017.90,8920.26,7,false,true,605958.67,7259.56
2556|V000014|202604,2556,V000014,202604,2106935.64,4943.74,4,false,false,0.00,0.00
2556|V000014|202605,2556,V000014,202605,2149074.35,4512.47,3,false,true,2106935.64,4943.74
2556|V000014|202606,2556,V000014,202606,2128005.00,4400.47,3,false,true,2149074.35,4512.47
2563|V000014|202604,2563,V000014,202604,405745.33,1373.15,1,false,false,0.00,0.00
2563|V000014|202605,2563,V000014,202605,413860.23,4579.52,2,false,true,405745.33,1373.15
2563|V000014|202606,2563,V000014,202606,409802.78,3207.41,2,false,true,413860.23,4579.52
2570|V000014|202604,2570,V000014,202604,2142381.37,4698.92,4,false,false,0.00,0.00
2570|V000014|202605,2570,V000014,202605,2185229.00,6024.21,4,false,true,2142381.37,4698.92
2570|V000014|202606,2570,V000014,202606,2163805.19,3043.73,2,false,true,2185229.00,6024.21
2577|V000015|202604,2577,V000015,202604,1264165.19,3312.00,3,false,false,0.00,0.00
2577|V000015|202605,2577,V000015,202605,1289448.49,8083.22,6,false,true,1264165.19,3312.00
2577|V000015|202606,2577,V000015,202606,1276806.84,7569.49,6,false,true,1289448.49,8083.22
2584|V000015|202604,2584,V000015,202604,1558871.05,4797.22,3,false,false,0.00,0.00
2584|V000015|202605,2584,V000015,202605,1590048.47,0.00,0,false,true,1558871.05,4797.22
2584|V000015|202606,2584,V000015,202606,1574459.76,13669.29,9,false,true,1590048.47,0.00
2591|V000015|202604,2591,V000015,202604,1330325.46,11785.45,8,false,false,0.00,0.00
2591|V000015|202605,2591,V000015,202605,1356931.97,3489.97,3,false,true,1330325.46,11785.45
2591|V000015|202606,2591,V000015,202606,1343628.72,0.00,0,false,true,1356931.97,3489.97
2598|V000015|202604,2598,V000015,202604,464697.13,6197.04,3,false,false,0.00,0.00
2598|V000015|202605,2598,V000015,202605,473991.07,9972.75,8,false,true,464697.13,6197.04
2598|V000015|202606,2598,V000015,202606,469344.10,4630.20,3,false,true,473991.07,9972.75
2605|V000015|202604,2605,V000015,202604,2116983.86,3898.66,2,false,false,0.00,0.00
2605|V000015|202605,2605,V000015,202605,2159323.54,3262.97,2,false,true,2116983.86,3898.66
2605|V000015|202606,2605,V000015,202606,2138153.70,3473.57,2,false,true,2159323.54,3262.97
2612|V000015|202604,2612,V000015,202604,1090831.52,7735.27,5,false,false,0.00,0.00
2612|V000015|202605,2612,V000015,202605,1112648.15,7084.45,6,false,true,1090831.52,7735.27
2612|V000015|202606,2612,V000015,202606,1101739.84,3938.13,2,false,true,1112648.15,7084.45
2619|V000015|202604,2619,V000015,202604,170831.68,4887.08,3,false,false,0.00,0.00
2619|V000015|202605,2619,V000015,202605,174248.32,11069.78,6,false,true,170831.68,4887.08
2619|V000015|202606,2619,V000015,202606,172540.00,4459.83,3,false,true,174248.32,11069.78
2626|V000015|202604,2626,V000015,202604,414562.38,5419.48,4,false,false,0.00,0.00
2626|V000015|202605,2626,V000015,202605,422853.62,1809.70,2,false,true,414562.38,5419.48
2626|V000015|202606,2626,V000015,202606,418708.00,3564.60,3,false,true,422853.62,1809.70
2633|V000015|202604,2633,V000015,202604,2390424.70,3802.21,3,false,false,0.00,0.00
2633|V000015|202605,2633,V000015,202605,2438233.20,2195.33,1,false,true,2390424.70,3802.21
2633|V000015|202606,2633,V000015,202606,2414328.95,6941.97,4,false,true,2438233.20,2195.33
2640|V000015|202604,2640,V000015,202604,1769871.74,4568.08,4,false,false,0.00,0.00
2640|V000015|202605,2640,V000015,202605,1805269.17,5801.45,4,false,true,1769871.74,4568.08
2640|V000015|202606,2640,V000015,202606,1787570.45,6517.44,6,false,true,1805269.17,5801.45
2647|V000016|202604,2647,V000016,202604,2130508.93,9311.91,6,false,false,0.00,0.00
2647|V000016|202605,2647,V000016,202605,2173119.11,1492.07,3,false,true,2130508.93,9311.91
2647|V000016|202606,2647,V000016,202606,2151814.02,7942.75,4,false,true,2173119.11,1492.07
2654|V000016|202604,2654,V000016,202604,759992.17,2554.64,1,false,false,0.00,0.00
2654|V000016|202605,2654,V000016,202605,775192.02,4863.94,4,false,true,759992.17,2554.64
2654|V000016|202606,2654,V000016,202606,767592.10,5037.51,3,false,true,775192.02,4863.94
2661|V000016|202604,2661,V000016,202604,875368.82,7196.67,4,false,false,0.00,0.00
2661|V000016|202605,2661,V000016,202605,892876.20,9378.89,7,false,true,875368.82,7196.67
2661|V000016|202606,2661,V000016,202606,884122.51,2107.04,3,false,true,892876.20,9378.89
2668|V000016|202604,2668,V000016,202604,2151476.46,3463.61,3,false,false,0.00,0.00
2668|V000016|202605,2668,V000016,202605,2194505.99,2609.30,1,false,true,2151476.46,3463.61
2668|V000016|202606,2668,V000016,202606,2172991.22,5414.04,4,false,true,2194505.99,2609.30
2675|V000016|202604,2675,V000016,202604,1418573.36,6956.08,4,false,false,0.00,0.00
2675|V000016|202605,2675,V000016,202605,1446944.83,3042.96,2,false,true,1418573.36,6956.08
2675|V000016|202606,2675,V000016,202606,1432759.10,2063.47,1,false,true,1446944.83,3042.96
2682|V000016|202604,2682,V000016,202604,523377.76,4932.19,4,false,false,0.00,0.00
2682|V000016|202605,2682,V000016,202605,533845.32,12121.17,6,false,true,523377.76,4932.19
2682|V000016|202606,2682,V000016,202606,528611.54,7595.08,4,false,true,533845.32,12121.17
2689|V000016|202604,2689,V000016,202604,802942.76,8530.96,6,false,false,0.00,0.00
2689|V000016|202605,2689,V000016,202605,819001.61,3014.34,2,false,true,802942.76,8530.96
2689|V000016|202606,2689,V000016,202606,810972.18,8605.63,7,false,true,819001.61,3014.34
2696|V000016|202604,2696,V000016,202604,1691303.72,3259.70,2,false,false,0.00,0.00
2696|V000016|202605,2696,V000016,202605,1725129.79,1927.73,3,false,true,1691303.72,3259.70
2696|V000016|202606,2696,V000016,202606,1708216.76,8017.91,6,false,true,1725129.79,1927.73
2703|V000016|202604,2703,V000016,202604,1956330.89,2643.96,2,false,false,0.00,0.00
2703|V000016|202605,2703,V000016,202605,1995457.51,8589.10,7,false,true,1956330.89,2643.96
2703|V000016|202606,2703,V000016,202606,1975894.20,6128.87,3,false,true,1995457.51,8589.10
2710|V000016|202604,2710,V000016,202604,2291989.57,4696.33,4,false,false,0.00,0.00
2710|V000016|202605,2710,V000016,202605,2337829.36,1593.55,1,false,true,2291989.57,4696.33
2710|V000016|202606,2710,V000016,202606,2314909.46,397.42,1,false,true,2337829.36,1593.55
2717|V000017|202604,2717,V000017,202604,985319.94,1432.04,3,false,false,0.00,0.00
2717|V000017|202605,2717,V000017,202605,1005026.34,249.86,2,false,true,985319.94,1432.04
2717|V000017|202606,2717,V000017,202606,995173.14,2264.34,5,false,true,1005026.34,249.86
2724|V000017|202604,2724,V000017,202604,1510165.01,1887.73,3,false,false,0.00,0.00
2724|V000017|202605,2724,V000017,202605,1540368.31,5188.67,9,false,true,1510165.01,1887.73
2724|V000017|202606,2724,V000017,202606,1525266.66,5950.77,9,false,true,1540368.31,5188.67
2731|V000017|202604,2731,V000017,202604,1212247.58,3232.62,5,false,false,0.00,0.00
2731|V000017|202605,2731,V000017,202605,1236492.53,1783.37,5,false,true,1212247.58,3232.62
2731|V000017|202606,2731,V000017,202606,1224370.06,3178.13,5,false,true,1236492.53,1783.37
2738|V000017|202604,2738,V000017,202604,623888.55,3903.02,6,false,false,0.00,0.00
2738|V000017|202605,2738,V000017,202605,636366.32,365.47,1,false,true,623888.55,3903.02
2738|V000017|202606,2738,V000017,202606,630127.43,753.01,3,false,true,636366.32,365.47
2745|V000017|202604,2745,V000017,202604,892898.64,4726.07,6,false,false,0.00,0.00
2745|V000017|202605,2745,V000017,202605,910756.61,4526.66,6,false,true,892898.64,4726.07
2745|V000017|202606,2745,V000017,202606,901827.62,1530.35,2,false,true,910756.61,4526.66
2752|V000017|202604,2752,V000017,202604,1830219.54,2359.25,3,false,false,0.00,0.00
2752|V000017|202605,2752,V000017,202605,1866823.93,1828.74,3,false,true,1830219.54,2359.25
2752|V000017|202606,2752,V000017,202606,1848521.74,3629.25,5,false,true,1866823.93,1828.74
2759|V000017|202604,2759,V000017,202604,2391419.71,3652.57,6,false,false,0.00,0.00
2759|V000017|202605,2759,V000017,202605,2439248.11,2995.93,5,false,true,2391419.71,3652.57
2759|V000017|202606,2759,V000017,202606,2415333.91,2844.38,5,false,true,2439248.11,2995.93
2766|V000017|202604,2766,V000017,202604,2237643.71,1081.41,2,false,false,0.00,0.00
2766|V000017|202605,2766,V000017,202605,2282396.59,2682.35,3,false,true,2237643.71,1081.41
2766|V000017|202606,2766,V000017,202606,2260020.15,746.98,2,false,true,2282396.59,2682.35
2773|V000017|202604,2773,V000017,202604,519535.97,1984.48,4,false,false,0.00,0.00
2773|V000017|202605,2773,V000017,202605,529926.69,2380.40,4,false,true,519535.97,1984.48
2773|V000017|202606,2773,V000017,202606,524731.33,1441.58,2,false,true,529926.69,2380.40
2780|V000017|202604,2780,V000017,202604,1758933.22,2087.98,4,false,false,0.00,0.00
2780|V000017|202605,2780,V000017,202605,1794111.88,3641.43,4,false,true,1758933.22,2087.98
2780|V000017|202606,2780,V000017,202606,1776522.55,2192.75,4,false,true,1794111.88,3641.43
2787|V000018|202604,2787,V000018,202604,1216208.44,3405.29,6,false,false,0.00,0.00
2787|V000018|202605,2787,V000018,202605,1240532.61,2947.58,4,false,true,1216208.44,3405.29
2787|V000018|202606,2787,V000018,202606,1228370.53,0.00,0,false,true,1240532.61,2947.58
2794|V000018|202604,2794,V000018,202604,864798.06,969.15,1,false,false,0.00,0.00
2794|V000018|202605,2794,V000018,202605,882094.03,660.89,1,false,true,864798.06,969.15
2794|V000018|202606,2794,V000018,202606,873446.05,1472.37,3,false,true,882094.03,660.89
2801|V000018|202604,2801,V000018,202604,553258.01,892.79,2,false,false,0.00,0.00
2801|V000018|202605,2801,V000018,202605,564323.17,3290.89,5,false,true,553258.01,892.79
2801|V000018|202606,2801,V000018,202606,558790.59,243.82,1,false,true,564323.17,3290.89
2808|V000018|202604,2808,V000018,202604,1208610.23,1419.37,3,false,false,0.00,0.00
2808|V000018|202605,2808,V000018,202605,1232782.44,1873.10,3,false,true,1208610.23,1419.37
2808|V000018|202606,2808,V000018,202606,1220696.33,1663.80,3,false,true,1232782.44,1873.10
2815|V000018|202604,2815,V000018,202604,2384948.21,2923.57,3,false,false,0.00,0.00
2815|V000018|202605,2815,V000018,202605,2432647.18,2376.87,3,false,true,2384948.21,2923.57
2815|V000018|202606,2815,V000018,202606,2408797.70,1604.63,4,false,true,2432647.18,2376.87
2822|V000018|202604,2822,V000018,202604,162605.47,2468.60,3,false,false,0.00,0.00
2822|V000018|202605,2822,V000018,202605,165857.57,1394.88,3,false,true,162605.47,2468.60
2822|V000018|202606,2822,V000018,202606,164231.52,5245.42,7,false,true,165857.57,1394.88
2829|V000018|202604,2829,V000018,202604,1728295.42,1596.60,3,false,false,0.00,0.00
2829|V000018|202605,2829,V000018,202605,1762861.33,2652.58,5,false,true,1728295.42,1596.60
2829|V000018|202606,2829,V000018,202606,1745578.38,2176.32,3,false,true,1762861.33,2652.58
2836|V000018|202604,2836,V000018,202604,598352.19,1374.66,2,false,false,0.00,0.00
2836|V000018|202605,2836,V000018,202605,610319.23,2932.10,3,false,true,598352.19,1374.66
2836|V000018|202606,2836,V000018,202606,604335.71,2646.42,5,false,true,610319.23,2932.10
2843|V000018|202604,2843,V000018,202604,361157.65,6155.61,8,false,false,0.00,0.00
2843|V000018|202605,2843,V000018,202605,368380.80,3122.48,4,false,true,361157.65,6155.61
2843|V000018|202606,2843,V000018,202606,364769.23,2001.83,4,false,true,368380.80,3122.48
2850|V000018|202604,2850,V000018,202604,1181835.55,1848.39,3,false,false,0.00,0.00
2850|V000018|202605,2850,V000018,202605,1205472.27,2290.24,3,false,true,1181835.55,1848.39
2850|V000018|202606,2850,V000018,202606,1193653.91,2258.32,4,false,true,1205472.27,2290.24
2857|V000019|202604,2857,V000019,202604,363107.78,4553.52,6,false,false,0.00,0.00
2857|V000019|202605,2857,V000019,202605,370369.93,2895.80,5,false,true,363107.78,4553.52
2857|V000019|202606,2857,V000019,202606,366738.85,2889.02,3,false,true,370369.93,2895.80
2864|V000019|202604,2864,V000019,202604,1556188.72,2612.59,3,false,false,0.00,0.00
2864|V000019|202605,2864,V000019,202605,1587312.49,659.32,2,false,true,1556188.72,2612.59
2864|V000019|202606,2864,V000019,202606,1571750.61,3243.07,5,false,true,1587312.49,659.32
2871|V000019|202604,2871,V000019,202604,1487522.54,2154.85,3,false,false,0.00,0.00
2871|V000019|202605,2871,V000019,202605,1517272.99,1165.71,2,false,true,1487522.54,2154.85
2871|V000019|202606,2871,V000019,202606,1502397.76,1059.56,1,false,true,1517272.99,1165.71
2878|V000019|202604,2878,V000019,202604,300237.00,0.00,0,false,false,0.00,0.00
2878|V000019|202605,2878,V000019,202605,306241.74,602.55,2,false,true,300237.00,0.00
2878|V000019|202606,2878,V000019,202606,303239.37,992.55,4,false,true,306241.74,602.55
2885|V000019|202604,2885,V000019,202604,1581772.94,1650.13,2,false,false,0.00,0.00
2885|V000019|202605,2885,V000019,202605,1613408.40,2597.09,5,false,true,1581772.94,1650.13
2885|V000019|202606,2885,V000019,202606,1597590.67,1090.80,1,false,true,1613408.40,2597.09
2892|V000019|202604,2892,V000019,202604,2137522.16,2052.86,3,false,false,0.00,0.00
2892|V000019|202605,2892,V000019,202605,2180272.61,2118.07,3,false,true,2137522.16,2052.86
2892|V000019|202606,2892,V000019,202606,2158897.39,1532.07,2,false,true,2180272.61,2118.07
2899|V000019|202604,2899,V000019,202604,926154.25,2351.08,4,false,false,0.00,0.00
2899|V000019|202605,2899,V000019,202605,944677.34,2182.88,4,false,true,926154.25,2351.08
2899|V000019|202606,2899,V000019,202606,935415.80,2220.90,2,false,true,944677.34,2182.88
2906|V000019|202604,2906,V000019,202604,181791.35,3860.67,6,false,false,0.00,0.00
2906|V000019|202605,2906,V000019,202605,185427.18,1996.12,3,false,true,181791.35,3860.67
2906|V000019|202606,2906,V000019,202606,183609.26,3252.54,7,false,true,185427.18,1996.12
2913|V000019|202604,2913,V000019,202604,583441.49,949.08,3,false,false,0.00,0.00
2913|V000019|202605,2913,V000019,202605,595110.32,2790.27,4,false,true,583441.49,949.08
2913|V000019|202606,2913,V000019,202606,589275.91,3424.22,6,false,true,595110.32,2790.27
2920|V000019|202604,2920,V000019,202604,789422.05,2281.24,4,false,false,0.00,0.00
2920|V000019|202605,2920,V000019,202605,805210.49,2804.29,4,false,true,789422.05,2281.24
2920|V000019|202606,2920,V000019,202606,797316.27,1339.51,3,false,true,805210.49,2804.29
2927|V000020|202604,2927,V000020,202604,2200899.12,2187.91,6,false,false,0.00,0.00
2927|V000020|202605,2927,V000020,202605,2244917.10,2355.83,4,false,true,2200899.12,2187.91
2927|V000020|202606,2927,V000020,202606,2222908.11,1266.80,4,false,true,2244917.10,2355.83
2934|V000020|202604,2934,V000020,202604,1108872.72,1599.95,5,false,false,0.00,0.00
2934|V000020|202605,2934,V000020,202605,1131050.17,4354.88,5,false,true,1108872.72,1599.95
2934|V000020|202606,2934,V000020,202606,1119961.44,978.10,2,false,true,1131050.17,4354.88
2941|V000020|202604,2941,V000020,202604,1790977.01,518.50,2,false,false,0.00,0.00
2941|V000020|202605,2941,V000020,202605,1826796.55,2185.11,3,false,true,1790977.01,518.50
2941|V000020|202606,2941,V000020,202606,1808886.78,2058.63,4,false,true,1826796.55,2185.11
2948|V000020|202604,2948,V000020,202604,976368.31,2279.69,4,false,false,0.00,0.00
2948|V000020|202605,2948,V000020,202605,995895.67,488.72,1,false,true,976368.31,2279.69
2948|V000020|202606,2948,V000020,202606,986131.99,606.77,1,false,true,995895.67,488.72
2955|V000020|202604,2955,V000020,202604,1875724.89,3261.94,4,false,false,0.00,0.00
2955|V000020|202605,2955,V000020,202605,1913239.39,2874.15,5,false,true,1875724.89,3261.94
2955|V000020|202606,2955,V000020,202606,1894482.14,2190.79,2,false,true,1913239.39,2874.15
2962|V000020|202604,2962,V000020,202604,2252192.82,2505.68,3,false,false,0.00,0.00
2962|V000020|202605,2962,V000020,202605,2297236.68,3877.15,6,false,true,2252192.82,2505.68
2962|V000020|202606,2962,V000020,202606,2274714.75,3663.77,6,false,true,2297236.68,3877.15
2969|V000020|202604,2969,V000020,202604,1412502.67,1544.59,2,false,false,0.00,0.00
2969|V000020|202605,2969,V000020,202605,1440752.72,1325.51,3,false,true,1412502.67,1544.59
2969|V000020|202606,2969,V000020,202606,1426627.69,1573.37,3,false,true,1440752.72,1325.51
2976|V000020|202604,2976,V000020,202604,1593598.55,424.58,1,false,false,0.00,0.00
2976|V000020|202605,2976,V000020,202605,1625470.52,1149.33,1,false,true,1593598.55,424.58
2976|V000020|202606,2976,V000020,202606,1609534.53,1482.73,2,false,true,1625470.52,1149.33
2983|V000020|202604,2983,V000020,202604,605823.25,2970.82,4,false,false,0.00,0.00
2983|V000020|202605,2983,V000020,202605,617939.72,3000.56,4,false,true,605823.25,2970.82
2983|V000020|202606,2983,V000020,202606,611881.48,4464.70,5,false,true,617939.72,3000.56
2990|V000020|202604,2990,V000020,202604,1483438.04,2251.97,3,false,false,0.00,0.00
2990|V000020|202605,2990,V000020,202605,1513106.80,1377.37,2,false,true,1483438.04,2251.97
2990|V000020|202606,2990,V000020,202606,1498272.42,3969.08,5,false,true,1513106.80,1377.37
